Year;Rank;ID;Country;ECI;;
1993;105;ago;Angola;-1,58;;
1994;118;ago;Angola;-1,58;;
1995;123;ago;Angola;-1,72;;
1996;111;ago;Angola;-1,15;;
1997;111;ago;Angola;-1,16;;
1998;113;ago;Angola;-1,19;;
1999;120;ago;Angola;-1,49;;
2000;123;ago;Angola;-1,56;;
2001;124;ago;Angola;-2,04;;
2002;125;ago;Angola;-1,99;;
2003;125;ago;Angola;-1,67;;
2004;107;ago;Angola;-0,95;;
2005;126;ago;Angola;-1,93;;
2006;126;ago;Angola;-1,79;;
2007;123;ago;Angola;-1,69;;
2008;126;ago;Angola;-1,81;;
2009;121;ago;Angola;-1,77;;
2010;124;ago;Angola;-1,87;;
2011;122;ago;Angola;-1,89;;
2012;123;ago;Angola;-2,25;;
2013;117;ago;Angola;-1,47;;
1993;055;alb;Albania;-0,24;;
1994;074;alb;Albania;-0,37;;
1995;084;alb;Albania;-0,60;;
1996;075;alb;Albania;-0,35;;
1997;075;alb;Albania;-0,37;;
1998;075;alb;Albania;-0,40;;
1999;078;alb;Albania;-0,38;;
2000;069;alb;Albania;-0,22;;
2001;069;alb;Albania;-0,26;;
2002;065;alb;Albania;-0,25;;
2003;060;alb;Albania;-0,11;;
2004;074;alb;Albania;-0,32;;
2005;076;alb;Albania;-0,32;;
2006;086;alb;Albania;-0,50;;
2007;071;alb;Albania;-0,29;;
2008;058;alb;Albania;0,06;;
2009;041;alb;Albania;0,56;;
2010;087;alb;Albania;-0,50;;
2011;080;alb;Albania;-0,54;;
2012;077;alb;Albania;-0,35;;
2013;075;alb;Albania;-0,34;;
1993;051;are;United Arab Emirates;-0,11;;
1994;075;are;United Arab Emirates;-0,41;;
1995;066;are;United Arab Emirates;-0,16;;
1996;064;are;United Arab Emirates;0,01;;
1997;066;are;United Arab Emirates;-0,09;;
1998;064;are;United Arab Emirates;-0,04;;
1999;071;are;United Arab Emirates;-0,27;;
2000;073;are;United Arab Emirates;-0,26;;
2001;070;are;United Arab Emirates;-0,27;;
2002;066;are;United Arab Emirates;-0,26;;
2003;068;are;United Arab Emirates;-0,19;;
2004;078;are;United Arab Emirates;-0,40;;
2005;071;are;United Arab Emirates;-0,26;;
2006;077;are;United Arab Emirates;-0,38;;
2007;075;are;United Arab Emirates;-0,33;;
2008;066;are;United Arab Emirates;-0,13;;
2009;057;are;United Arab Emirates;0,17;;
2010;050;are;United Arab Emirates;0,29;;
2011;061;are;United Arab Emirates;-0,16;;
2012;058;are;United Arab Emirates;0,09;;
2013;046;are;United Arab Emirates;0,31;;
1993;033;arg;Argentina;0,47;;
1994;042;arg;Argentina;0,34;;
1995;042;arg;Argentina;0,39;;
1996;052;arg;Argentina;0,24;;
1997;046;arg;Argentina;0,36;;
1998;045;arg;Argentina;0,38;;
1999;042;arg;Argentina;0,41;;
2000;044;arg;Argentina;0,34;;
2001;059;arg;Argentina;0,01;;
2002;057;arg;Argentina;-0,03;;
2003;061;arg;Argentina;-0,13;;
2004;066;arg;Argentina;-0,16;;
2005;054;arg;Argentina;0,04;;
2006;063;arg;Argentina;-0,09;;
2007;056;arg;Argentina;0,04;;
2008;057;arg;Argentina;0,08;;
2009;061;arg;Argentina;0,11;;
2010;057;arg;Argentina;0,19;;
2011;063;arg;Argentina;-0,18;;
2012;057;arg;Argentina;0,14;;
2013;053;arg;Argentina;0,19;;
2011;037;arm;Armenia;0,58;;
1993;034;aus;Australia;0,47;;
1994;037;aus;Australia;0,39;;
1995;059;aus;Australia;0,11;;
1996;051;aus;Australia;0,26;;
1997;050;aus;Australia;0,23;;
1998;056;aus;Australia;0,17;;
1999;051;aus;Australia;0,18;;
2000;055;aus;Australia;0,13;;
2001;071;aus;Australia;-0,28;;
2002;069;aus;Australia;-0,28;;
2003;073;aus;Australia;-0,26;;
2004;075;aus;Australia;-0,34;;
2005;070;aus;Australia;-0,25;;
2006;076;aus;Australia;-0,37;;
2007;070;aus;Australia;-0,25;;
2008;078;aus;Australia;-0,35;;
2009;083;aus;Australia;-0,41;;
2010;073;aus;Australia;-0,25;;
2011;076;aus;Australia;-0,46;;
2012;065;aus;Australia;-0,11;;
2013;071;aus;Australia;-0,20;;
1993;006;aut;Austria;2,09;;
1994;005;aut;Austria;2,04;;
1995;005;aut;Austria;1,98;;
1996;006;aut;Austria;1,85;;
1997;006;aut;Austria;1,85;;
1998;008;aut;Austria;1,81;;
1999;008;aut;Austria;1,81;;
2000;008;aut;Austria;1,69;;
2001;007;aut;Austria;1,73;;
2002;007;aut;Austria;1,79;;
2003;006;aut;Austria;1,89;;
2004;006;aut;Austria;1,89;;
2005;006;aut;Austria;1,92;;
2006;005;aut;Austria;1,88;;
2007;006;aut;Austria;1,85;;
2008;005;aut;Austria;1,84;;
2009;005;aut;Austria;1,73;;
2010;005;aut;Austria;1,68;;
2011;006;aut;Austria;1,80;;
2012;010;aut;Austria;1,57;;
2013;009;aut;Austria;1,64;;
1993;x;aze;Azerbaijan;-0,56;;
1994;065;aze;Azerbaijan;-0,23;;
1995;054;aze;Azerbaijan;0,18;;
1996;038;aze;Azerbaijan;0,52;;
1997;036;aze;Azerbaijan;0,59;;
1998;046;aze;Azerbaijan;0,37;;
1999;067;aze;Azerbaijan;-0,20;;
2000;064;aze;Azerbaijan;-0,11;;
2001;097;aze;Azerbaijan;-0,82;;
2002;088;aze;Azerbaijan;-0,67;;
2003;101;aze;Azerbaijan;-0,82;;
2004;104;aze;Azerbaijan;-0,92;;
2005;106;aze;Azerbaijan;-0,97;;
2006;096;aze;Azerbaijan;-0,80;;
2007;100;aze;Azerbaijan;-0,81;;
2008;118;aze;Azerbaijan;-1,28;;
2009;112;aze;Azerbaijan;-1,29;;
2010;101;aze;Azerbaijan;-0,87;;
2011;118;aze;Azerbaijan;-1,49;;
2012;092;aze;Azerbaijan;-0,66;;
2013;102;aze;Azerbaijan;-0,99;;
1993;010;bel;Belgium;1,83;;
1994;011;bel;Belgium;1,68;;
1995;012;bel;Belgium;1,61;;
1996;010;bel;Belgium;1,54;;
1997;010;bel;Belgium;1,58;;
1998;010;bel;Belgium;1,61;;
1999;011;bel;Belgium;1,60;;
2000;011;bel;Belgium;1,57;;
2001;019;bel;Belgium;1,24;;
2002;020;bel;Belgium;1,18;;
2003;020;bel;Belgium;1,17;;
2004;021;bel;Belgium;1,10;;
2005;019;bel;Belgium;1,17;;
2006;019;bel;Belgium;1,16;;
2007;019;bel;Belgium;1,17;;
2008;022;bel;Belgium;1,09;;
2009;019;bel;Belgium;1,21;;
2010;020;bel;Belgium;1,20;;
2011;019;bel;Belgium;1,16;;
2012;x;bel;Belgium;1,16;;
2013;x;bel;Belgium;1,16;;
1993;092;bgd;Bangladesh;-1,17;;
1994;103;bgd;Bangladesh;-1,04;;
1995;106;bgd;Bangladesh;-1,04;;
1996;098;bgd;Bangladesh;-0,97;;
1997;104;bgd;Bangladesh;-1,06;;
1998;103;bgd;Bangladesh;-1,03;;
1999;104;bgd;Bangladesh;-1,06;;
2000;104;bgd;Bangladesh;-1,03;;
2001;086;bgd;Bangladesh;-0,63;;
2002;093;bgd;Bangladesh;-0,84;;
2003;105;bgd;Bangladesh;-0,94;;
2004;112;bgd;Bangladesh;-1,05;;
2005;110;bgd;Bangladesh;-1,02;;
2006;098;bgd;Bangladesh;-0,89;;
2007;099;bgd;Bangladesh;-0,78;;
2008;104;bgd;Bangladesh;-0,94;;
2009;105;bgd;Bangladesh;-1,07;;
2010;108;bgd;Bangladesh;-1,08;;
2011;109;bgd;Bangladesh;-1,24;;
2012;108;bgd;Bangladesh;-1,13;;
2013;111;bgd;Bangladesh;-1,33;;
1993;031;bgr;Bulgaria;0,59;;
1994;033;bgr;Bulgaria;0,48;;
1995;035;bgr;Bulgaria;0,49;;
1996;028;bgr;Bulgaria;0,69;;
1997;032;bgr;Bulgaria;0,66;;
1998;031;bgr;Bulgaria;0,65;;
1999;038;bgr;Bulgaria;0,48;;
2000;038;bgr;Bulgaria;0,49;;
2001;041;bgr;Bulgaria;0,47;;
2002;041;bgr;Bulgaria;0,48;;
2003;042;bgr;Bulgaria;0,45;;
2004;042;bgr;Bulgaria;0,38;;
2005;043;bgr;Bulgaria;0,32;;
2006;043;bgr;Bulgaria;0,43;;
2007;041;bgr;Bulgaria;0,57;;
2008;040;bgr;Bulgaria;0,58;;
2009;046;bgr;Bulgaria;0,35;;
2010;040;bgr;Bulgaria;0,58;;
2011;041;bgr;Bulgaria;0,51;;
2012;038;bgr;Bulgaria;0,59;;
2013;037;bgr;Bulgaria;0,56;;
1993;x;bih;Bosnia and Herzegovina;0,50;;
1994;050;bih;Bosnia and Herzegovina;0,23;;
1995;033;bih;Bosnia and Herzegovina;0,52;;
1996;040;bih;Bosnia and Herzegovina;0,49;;
1997;029;bih;Bosnia and Herzegovina;0,73;;
1998;036;bih;Bosnia and Herzegovina;0,51;;
1999;043;bih;Bosnia and Herzegovina;0,40;;
2000;051;bih;Bosnia and Herzegovina;0,20;;
2001;044;bih;Bosnia and Herzegovina;0,45;;
2002;042;bih;Bosnia and Herzegovina;0,46;;
2003;038;bih;Bosnia and Herzegovina;0,53;;
2004;033;bih;Bosnia and Herzegovina;0,68;;
2005;040;bih;Bosnia and Herzegovina;0,49;;
2006;041;bih;Bosnia and Herzegovina;0,51;;
2007;039;bih;Bosnia and Herzegovina;0,64;;
2008;038;bih;Bosnia and Herzegovina;0,59;;
2009;040;bih;Bosnia and Herzegovina;0,57;;
2010;041;bih;Bosnia and Herzegovina;0,57;;
2011;039;bih;Bosnia and Herzegovina;0,53;;
2012;043;bih;Bosnia and Herzegovina;0,41;;
2013;041;bih;Bosnia and Herzegovina;0,41;;
1993;x;blr;Belarus;0,51;;
1994;032;blr;Belarus;0,51;;
1995;031;blr;Belarus;0,59;;
1996;035;blr;Belarus;0,61;;
1997;037;blr;Belarus;0,53;;
1998;035;blr;Belarus;0,52;;
1999;035;blr;Belarus;0,55;;
2000;033;blr;Belarus;0,60;;
2001;026;blr;Belarus;1,03;;
2002;021;blr;Belarus;1,17;;
2003;021;blr;Belarus;1,12;;
2004;022;blr;Belarus;1,05;;
2005;021;blr;Belarus;1,06;;
2006;024;blr;Belarus;1,02;;
2007;020;blr;Belarus;1,12;;
2008;021;blr;Belarus;1,12;;
2009;029;blr;Belarus;0,74;;
2010;034;blr;Belarus;0,68;;
2011;022;blr;Belarus;1,03;;
2012;030;blr;Belarus;0,80;;
2013;027;blr;Belarus;0,89;;
1993;073;bol;Bolivia;-0,68;;
1994;080;bol;Bolivia;-0,50;;
1995;085;bol;Bolivia;-0,62;;
1996;085;bol;Bolivia;-0,55;;
1997;088;bol;Bolivia;-0,71;;
1998;082;bol;Bolivia;-0,58;;
1999;084;bol;Bolivia;-0,60;;
2000;091;bol;Bolivia;-0,72;;
2001;091;bol;Bolivia;-0,69;;
2002;094;bol;Bolivia;-0,84;;
2003;089;bol;Bolivia;-0,64;;
2004;098;bol;Bolivia;-0,83;;
2005;109;bol;Bolivia;-0,99;;
2006;104;bol;Bolivia;-0,96;;
2007;106;bol;Bolivia;-0,92;;
2008;102;bol;Bolivia;-0,94;;
2009;097;bol;Bolivia;-0,78;;
2010;096;bol;Bolivia;-0,66;;
2011;102;bol;Bolivia;-0,96;;
2012;081;bol;Bolivia;-0,44;;
2013;093;bol;Bolivia;-0,76;;
1993;024;bra;Brazil;0,80;;
1994;028;bra;Brazil;0,67;;
1995;029;bra;Brazil;0,68;;
1996;032;bra;Brazil;0,65;;
1997;027;bra;Brazil;0,81;;
1998;030;bra;Brazil;0,67;;
1999;028;bra;Brazil;0,69;;
2000;029;bra;Brazil;0,73;;
2001;040;bra;Brazil;0,51;;
2002;043;bra;Brazil;0,43;;
2003;043;bra;Brazil;0,40;;
2004;043;bra;Brazil;0,31;;
2005;041;bra;Brazil;0,47;;
2006;042;bra;Brazil;0,44;;
2007;043;bra;Brazil;0,52;;
2008;052;bra;Brazil;0,23;;
2009;053;bra;Brazil;0,25;;
2010;045;bra;Brazil;0,38;;
2011;053;bra;Brazil;0,07;;
2012;048;bra;Brazil;0,27;;
2013;056;bra;Brazil;0,15;;
1993;018;can;Canada;1,19;;
1994;020;can;Canada;1,11;;
1995;021;can;Canada;1,08;;
1996;023;can;Canada;1,02;;
1997;020;can;Canada;1,12;;
1998;021;can;Canada;1,02;;
1999;021;can;Canada;1,06;;
2000;021;can;Canada;1,11;;
2001;030;can;Canada;0,74;;
2002;030;can;Canada;0,77;;
2003;028;can;Canada;0,81;;
2004;031;can;Canada;0,71;;
2005;027;can;Canada;0,87;;
2006;032;can;Canada;0,75;;
2007;037;can;Canada;0,64;;
2008;041;can;Canada;0,57;;
2009;026;can;Canada;0,81;;
2010;029;can;Canada;0,76;;
2011;035;can;Canada;0,59;;
2012;037;can;Canada;0,63;;
2013;033;can;Canada;0,70;;
1993;003;che;Switzerland;2,36;;
1994;003;che;Switzerland;2,29;;
1995;003;che;Switzerland;2,25;;
1996;004;che;Switzerland;2,06;;
1997;003;che;Switzerland;2,18;;
1998;003;che;Switzerland;2,10;;
1999;003;che;Switzerland;2,16;;
2000;003;che;Switzerland;2,12;;
2001;002;che;Switzerland;2,11;;
2002;003;che;Switzerland;2,05;;
2003;002;che;Switzerland;2,26;;
2004;003;che;Switzerland;2,24;;
2005;003;che;Switzerland;2,13;;
2006;003;che;Switzerland;2,10;;
2007;003;che;Switzerland;1,98;;
2008;003;che;Switzerland;1,97;;
2009;002;che;Switzerland;1,89;;
2010;002;che;Switzerland;1,87;;
2011;002;che;Switzerland;2,04;;
2012;002;che;Switzerland;1,97;;
2013;002;che;Switzerland;2,16;;
1993;044;chl;Chile;0,12;;
1994;059;chl;Chile;0,09;;
1995;062;chl;Chile;-0,09;;
1996;063;chl;Chile;0,04;;
1997;061;chl;Chile;0,04;;
1998;058;chl;Chile;0,11;;
1999;057;chl;Chile;0,09;;
2000;049;chl;Chile;0,24;;
2001;064;chl;Chile;-0,09;;
2002;062;chl;Chile;-0,17;;
2003;072;chl;Chile;-0,26;;
2004;071;chl;Chile;-0,27;;
2005;067;chl;Chile;-0,22;;
2006;065;chl;Chile;-0,19;;
2007;067;chl;Chile;-0,18;;
2008;079;chl;Chile;-0,35;;
2009;071;chl;Chile;-0,21;;
2010;068;chl;Chile;-0,13;;
2011;059;chl;Chile;-0,15;;
2012;072;chl;Chile;-0,23;;
2013;067;chl;Chile;-0,13;;
1993;042;chn;China;0,16;;
1994;051;chn;China;0,16;;
1995;045;chn;China;0,26;;
1996;048;chn;China;0,32;;
1997;049;chn;China;0,29;;
1998;047;chn;China;0,32;;
1999;046;chn;China;0,29;;
2000;047;chn;China;0,26;;
2001;036;chn;China;0,55;;
2002;034;chn;China;0,66;;
2003;035;chn;China;0,58;;
2004;032;chn;China;0,70;;
2005;034;chn;China;0,68;;
2006;029;chn;China;0,82;;
2007;030;chn;China;0,79;;
2008;029;chn;China;0,89;;
2009;028;chn;China;0,76;;
2010;026;chn;China;0,81;;
2011;024;chn;China;0,97;;
2012;021;chn;China;1,01;;
2013;022;chn;China;0,96;;
1993;102;civ;Cote d'Ivoire;-1,44;;
1994;115;civ;Cote d'Ivoire;-1,56;;
1995;117;civ;Cote d'Ivoire;-1,44;;
1996;118;civ;Cote d'Ivoire;-1,44;;
1997;117;civ;Cote d'Ivoire;-1,35;;
1998;119;civ;Cote d'Ivoire;-1,45;;
1999;118;civ;Cote d'Ivoire;-1,45;;
2000;111;civ;Cote d'Ivoire;-1,20;;
2001;093;civ;Cote d'Ivoire;-0,75;;
2002;097;civ;Cote d'Ivoire;-0,85;;
2003;096;civ;Cote d'Ivoire;-0,76;;
2004;100;civ;Cote d'Ivoire;-0,86;;
2005;101;civ;Cote d'Ivoire;-0,86;;
2006;100;civ;Cote d'Ivoire;-0,92;;
2007;107;civ;Cote d'Ivoire;-0,97;;
2008;099;civ;Cote d'Ivoire;-0,92;;
2009;117;civ;Cote d'Ivoire;-1,45;;
2010;114;civ;Cote d'Ivoire;-1,34;;
2011;110;civ;Cote d'Ivoire;-1,26;;
2012;099;civ;Cote d'Ivoire;-0,90;;
2013;098;civ;Cote d'Ivoire;-0,90;;
1993;107;cmr;Cameroon;-2,12;;
1994;121;cmr;Cameroon;-1,73;;
1995;118;cmr;Cameroon;-1,46;;
1996;123;cmr;Cameroon;-1,92;;
1997;119;cmr;Cameroon;-1,51;;
1998;124;cmr;Cameroon;-1,75;;
1999;122;cmr;Cameroon;-1,64;;
2000;124;cmr;Cameroon;-1,86;;
2001;121;cmr;Cameroon;-1,55;;
2002;114;cmr;Cameroon;-1,32;;
2003;099;cmr;Cameroon;-0,80;;
2004;120;cmr;Cameroon;-1,41;;
2005;117;cmr;Cameroon;-1,28;;
2006;120;cmr;Cameroon;-1,46;;
2007;118;cmr;Cameroon;-1,41;;
2008;122;cmr;Cameroon;-1,45;;
2009;115;cmr;Cameroon;-1,41;;
2010;122;cmr;Cameroon;-1,80;;
2011;086;cmr;Cameroon;-0,61;;
2012;098;cmr;Cameroon;-0,86;;
2013;118;cmr;Cameroon;-1,47;;
1993;103;cog;Republic of the Congo;-1,55;;
1994;111;cog;Republic of the Congo;-1,24;;
1995;116;cog;Republic of the Congo;-1,23;;
1996;116;cog;Republic of the Congo;-1,31;;
1997;113;cog;Republic of the Congo;-1,26;;
1998;122;cog;Republic of the Congo;-1,62;;
1999;115;cog;Republic of the Congo;-1,32;;
2000;110;cog;Republic of the Congo;-1,18;;
2001;120;cog;Republic of the Congo;-1,45;;
2002;124;cog;Republic of the Congo;-1,74;;
2003;123;cog;Republic of the Congo;-1,57;;
2004;123;cog;Republic of the Congo;-1,46;;
2005;124;cog;Republic of the Congo;-1,49;;
2006;123;cog;Republic of the Congo;-1,64;;
2007;127;cog;Republic of the Congo;-1,85;;
2008;125;cog;Republic of the Congo;-1,77;;
2009;120;cog;Republic of the Congo;-1,71;;
2010;121;cog;Republic of the Congo;-1,76;;
2011;119;cog;Republic of the Congo;-1,49;;
2012;096;cog;Republic of the Congo;-0,79;;
2013;101;cog;Republic of the Congo;-0,95;;
1993;050;col;Colombia;-0,10;;
1994;055;col;Colombia;0,13;;
1995;048;col;Colombia;0,21;;
1996;058;col;Colombia;0,14;;
1997;053;col;Colombia;0,19;;
1998;048;col;Colombia;0,27;;
1999;052;col;Colombia;0,17;;
2000;046;col;Colombia;0,29;;
2001;047;col;Colombia;0,23;;
2002;049;col;Colombia;0,17;;
2003;054;col;Colombia;-0,05;;
2004;058;col;Colombia;-0,01;;
2005;055;col;Colombia;0,00;;
2006;058;col;Colombia;0,04;;
2007;055;col;Colombia;0,12;;
2008;054;col;Colombia;0,18;;
2009;049;col;Colombia;0,28;;
2010;061;col;Colombia;0,12;;
2011;056;col;Colombia;-0,04;;
2012;053;col;Colombia;0,18;;
2013;054;col;Colombia;0,17;;
1993;068;cri;Costa Rica;-0,62;;
1994;095;cri;Costa Rica;-0,81;;
1995;089;cri;Costa Rica;-0,68;;
1996;086;cri;Costa Rica;-0,58;;
1997;084;cri;Costa Rica;-0,62;;
1998;078;cri;Costa Rica;-0,56;;
1999;094;cri;Costa Rica;-0,76;;
2000;087;cri;Costa Rica;-0,66;;
2001;065;cri;Costa Rica;-0,11;;
2002;055;cri;Costa Rica;0,01;;
2003;050;cri;Costa Rica;0,06;;
2004;046;cri;Costa Rica;0,21;;
2005;047;cri;Costa Rica;0,21;;
2006;048;cri;Costa Rica;0,18;;
2007;052;cri;Costa Rica;0,20;;
2008;049;cri;Costa Rica;0,26;;
2009;063;cri;Costa Rica;0,07;;
2010;060;cri;Costa Rica;0,12;;
2011;054;cri;Costa Rica;0,06;;
2012;050;cri;Costa Rica;0,21;;
2013;055;cri;Costa Rica;0,16;;
1993;072;cub;Cuba;-0,67;;
1994;076;cub;Cuba;-0,43;;
1995;070;cub;Cuba;-0,24;;
1996;090;cub;Cuba;-0,67;;
1997;098;cub;Cuba;-0,90;;
1998;085;cub;Cuba;-0,64;;
1999;077;cub;Cuba;-0,36;;
2000;098;cub;Cuba;-0,94;;
2001;100;cub;Cuba;-0,92;;
2002;100;cub;Cuba;-0,91;;
2003;097;cub;Cuba;-0,77;;
2004;069;cub;Cuba;-0,22;;
2005;059;cub;Cuba;-0,03;;
2006;044;cub;Cuba;0,36;;
2007;090;cub;Cuba;-0,58;;
2008;085;cub;Cuba;-0,47;;
2009;072;cub;Cuba;-0,21;;
2010;072;cub;Cuba;-0,25;;
2011;079;cub;Cuba;-0,51;;
2012;x;cub;Cuba;-0,49;;
2013;x;cub;Cuba;-0,49;;
1993;x;cze;Czech Republic;1,43;;
1994;x;cze;Czech Republic;1,43;;
1995;014;cze;Czech Republic;1,43;;
1996;014;cze;Czech Republic;1,41;;
1997;012;cze;Czech Republic;1,49;;
1998;014;cze;Czech Republic;1,53;;
1999;014;cze;Czech Republic;1,54;;
2000;013;cze;Czech Republic;1,55;;
2001;010;cze;Czech Republic;1,53;;
2002;009;cze;Czech Republic;1,62;;
2003;009;cze;Czech Republic;1,64;;
2004;012;cze;Czech Republic;1,58;;
2005;009;cze;Czech Republic;1,64;;
2006;008;cze;Czech Republic;1,65;;
2007;007;cze;Czech Republic;1,65;;
2008;008;cze;Czech Republic;1,65;;
2009;010;cze;Czech Republic;1,55;;
2010;008;cze;Czech Republic;1,62;;
2011;007;cze;Czech Republic;1,80;;
2012;006;cze;Czech Republic;1,62;;
2013;006;cze;Czech Republic;1,71;;
1993;001;deu;Germany;2,44;;
1994;001;deu;Germany;2,38;;
1995;002;deu;Germany;2,27;;
1996;002;deu;Germany;2,15;;
1997;001;deu;Germany;2,23;;
1998;002;deu;Germany;2,20;;
1999;001;deu;Germany;2,24;;
2000;002;deu;Germany;2,26;;
2001;003;deu;Germany;2,09;;
2002;002;deu;Germany;2,15;;
2003;003;deu;Germany;2,22;;
2004;002;deu;Germany;2,25;;
2005;002;deu;Germany;2,13;;
2006;002;deu;Germany;2,15;;
2007;002;deu;Germany;2,05;;
2008;002;deu;Germany;2,01;;
2009;003;deu;Germany;1,86;;
2010;003;deu;Germany;1,85;;
2011;003;deu;Germany;1,96;;
2012;003;deu;Germany;1,84;;
2013;003;deu;Germany;1,95;;
1993;011;dnk;Denmark;1,81;;
1994;009;dnk;Denmark;1,76;;
1995;010;dnk;Denmark;1,68;;
1996;011;dnk;Denmark;1,50;;
1997;013;dnk;Denmark;1,48;;
1998;012;dnk;Denmark;1,55;;
1999;013;dnk;Denmark;1,58;;
2000;012;dnk;Denmark;1,56;;
2001;016;dnk;Denmark;1,32;;
2002;017;dnk;Denmark;1,32;;
2003;016;dnk;Denmark;1,34;;
2004;017;dnk;Denmark;1,24;;
2005;018;dnk;Denmark;1,28;;
2006;018;dnk;Denmark;1,20;;
2007;017;dnk;Denmark;1,21;;
2008;017;dnk;Denmark;1,28;;
2009;017;dnk;Denmark;1,30;;
2010;018;dnk;Denmark;1,28;;
2011;018;dnk;Denmark;1,28;;
2012;019;dnk;Denmark;1,18;;
2013;019;dnk;Denmark;1,19;;
1993;075;dom;Dominican Republic;-0,71;;
1994;099;dom;Dominican Republic;-0,91;;
1995;081;dom;Dominican Republic;-0,56;;
1996;084;dom;Dominican Republic;-0,52;;
1997;086;dom;Dominican Republic;-0,66;;
1998;091;dom;Dominican Republic;-0,75;;
1999;098;dom;Dominican Republic;-0,83;;
2000;086;dom;Dominican Republic;-0,66;;
2001;102;dom;Dominican Republic;-0,93;;
2002;068;dom;Dominican Republic;-0,27;;
2003;071;dom;Dominican Republic;-0,25;;
2004;073;dom;Dominican Republic;-0,31;;
2005;077;dom;Dominican Republic;-0,35;;
2006;078;dom;Dominican Republic;-0,40;;
2007;060;dom;Dominican Republic;-0,08;;
2008;064;dom;Dominican Republic;-0,09;;
2009;078;dom;Dominican Republic;-0,32;;
2010;075;dom;Dominican Republic;-0,28;;
2011;073;dom;Dominican Republic;-0,40;;
2012;071;dom;Dominican Republic;-0,21;;
2013;080;dom;Dominican Republic;-0,42;;
1993;062;dza;Algeria;-0,43;;
1994;069;dza;Algeria;-0,31;;
1995;086;dza;Algeria;-0,65;;
1996;076;dza;Algeria;-0,36;;
1997;090;dza;Algeria;-0,75;;
1998;095;dza;Algeria;-0,84;;
1999;095;dza;Algeria;-0,77;;
2000;079;dza;Algeria;-0,52;;
2001;104;dza;Algeria;-0,98;;
2002;092;dza;Algeria;-0,82;;
2003;119;dza;Algeria;-1,44;;
2004;117;dza;Algeria;-1,23;;
2005;121;dza;Algeria;-1,41;;
2006;118;dza;Algeria;-1,25;;
2007;122;dza;Algeria;-1,69;;
2008;115;dza;Algeria;-1,24;;
2009;098;dza;Algeria;-0,78;;
2010;097;dza;Algeria;-0,67;;
2011;098;dza;Algeria;-0,86;;
2012;107;dza;Algeria;-1,13;;
2013;114;dza;Algeria;-1,39;;
1993;079;ecu;Ecuador;-0,78;;
1994;089;ecu;Ecuador;-0,77;;
1995;095;ecu;Ecuador;-0,84;;
1996;094;ecu;Ecuador;-0,87;;
1997;091;ecu;Ecuador;-0,76;;
1998;097;ecu;Ecuador;-0,88;;
1999;092;ecu;Ecuador;-0,74;;
2000;092;ecu;Ecuador;-0,74;;
2001;103;ecu;Ecuador;-0,96;;
2002;110;ecu;Ecuador;-1,07;;
2003;100;ecu;Ecuador;-0,82;;
2004;109;ecu;Ecuador;-0,97;;
2005;100;ecu;Ecuador;-0,83;;
2006;094;ecu;Ecuador;-0,73;;
2007;104;ecu;Ecuador;-0,88;;
2008;094;ecu;Ecuador;-0,67;;
2009;100;ecu;Ecuador;-0,87;;
2010;095;ecu;Ecuador;-0,63;;
2011;095;ecu;Ecuador;-0,79;;
2012;090;ecu;Ecuador;-0,57;;
2013;094;ecu;Ecuador;-0,79;;
1993;060;egy;Egypt;-0,35;;
1994;071;egy;Egypt;-0,33;;
1995;076;egy;Egypt;-0,34;;
1996;082;egy;Egypt;-0,49;;
1997;067;egy;Egypt;-0,20;;
1998;072;egy;Egypt;-0,32;;
1999;068;egy;Egypt;-0,23;;
2000;065;egy;Egypt;-0,14;;
2001;081;egy;Egypt;-0,57;;
2002;083;egy;Egypt;-0,51;;
2003;082;egy;Egypt;-0,43;;
2004;086;egy;Egypt;-0,52;;
2005;075;egy;Egypt;-0,31;;
2006;074;egy;Egypt;-0,35;;
2007;081;egy;Egypt;-0,42;;
2008;062;egy;Egypt;-0,05;;
2009;067;egy;Egypt;-0,14;;
2010;067;egy;Egypt;-0,09;;
2011;069;egy;Egypt;-0,31;;
2012;068;egy;Egypt;-0,16;;
2013;068;egy;Egypt;-0,15;;
1993;017;esp;Spain;1,26;;
1994;018;esp;Spain;1,27;;
1995;017;esp;Spain;1,32;;
1996;018;esp;Spain;1,22;;
1997;019;esp;Spain;1,18;;
1998;020;esp;Spain;1,13;;
1999;019;esp;Spain;1,24;;
2000;020;esp;Spain;1,18;;
2001;023;esp;Spain;1,08;;
2002;025;esp;Spain;1,05;;
2003;024;esp;Spain;0,96;;
2004;027;esp;Spain;0,93;;
2005;025;esp;Spain;0,93;;
2006;026;esp;Spain;0,92;;
2007;025;esp;Spain;0,99;;
2008;028;esp;Spain;0,93;;
2009;023;esp;Spain;0,97;;
2010;023;esp;Spain;1,04;;
2011;025;esp;Spain;0,96;;
2012;028;esp;Spain;0,84;;
2013;025;esp;Spain;0,93;;
1993;x;est;Estonia;0,34;;
1994;043;est;Estonia;0,34;;
1995;043;est;Estonia;0,35;;
1996;037;est;Estonia;0,52;;
1997;035;est;Estonia;0,59;;
1998;034;est;Estonia;0,55;;
1999;039;est;Estonia;0,46;;
2000;043;est;Estonia;0,35;;
2001;031;est;Estonia;0,73;;
2002;029;est;Estonia;0,86;;
2003;034;est;Estonia;0,68;;
2004;030;est;Estonia;0,71;;
2005;030;est;Estonia;0,83;;
2006;031;est;Estonia;0,77;;
2007;028;est;Estonia;0,85;;
2008;032;est;Estonia;0,79;;
2009;035;est;Estonia;0,64;;
2010;027;est;Estonia;0,78;;
2011;028;est;Estonia;0,87;;
2012;029;est;Estonia;0,84;;
2013;028;est;Estonia;0,81;;
1993;076;eth;Ethiopia;-0,71;;
1994;096;eth;Ethiopia;-0,85;;
1995;115;eth;Ethiopia;-1,23;;
1996;099;eth;Ethiopia;-0,98;;
1997;100;eth;Ethiopia;-0,99;;
1998;106;eth;Ethiopia;-1,08;;
1999;091;eth;Ethiopia;-0,72;;
2000;108;eth;Ethiopia;-1,13;;
2001;116;eth;Ethiopia;-1,24;;
2002;123;eth;Ethiopia;-1,58;;
2003;116;eth;Ethiopia;-1,33;;
2004;121;eth;Ethiopia;-1,43;;
2005;112;eth;Ethiopia;-1,18;;
2006;116;eth;Ethiopia;-1,23;;
2007;111;eth;Ethiopia;-1,06;;
2008;103;eth;Ethiopia;-0,94;;
2009;111;eth;Ethiopia;-1,23;;
2010;116;eth;Ethiopia;-1,38;;
2011;115;eth;Ethiopia;-1,37;;
2012;106;eth;Ethiopia;-1,06;;
2013;108;eth;Ethiopia;-1,20;;
1993;007;fin;Finland;2,09;;
1994;006;fin;Finland;1,99;;
1995;006;fin;Finland;1,97;;
1996;005;fin;Finland;1,88;;
1997;005;fin;Finland;1,89;;
1998;006;fin;Finland;1,86;;
1999;006;fin;Finland;1,92;;
2000;007;fin;Finland;1,88;;
2001;006;fin;Finland;1,87;;
2002;005;fin;Finland;1,89;;
2003;005;fin;Finland;1,89;;
2004;005;fin;Finland;1,98;;
2005;005;fin;Finland;1,92;;
2006;006;fin;Finland;1,87;;
2007;004;fin;Finland;1,96;;
2008;006;fin;Finland;1,74;;
2009;006;fin;Finland;1,72;;
2010;006;fin;Finland;1,66;;
2011;008;fin;Finland;1,73;;
2012;008;fin;Finland;1,59;;
2013;008;fin;Finland;1,64;;
1993;009;fra;France;1,90;;
1994;010;fra;France;1,74;;
1995;009;fra;France;1,76;;
1996;009;fra;France;1,56;;
1997;009;fra;France;1,66;;
1998;009;fra;France;1,69;;
1999;009;fra;France;1,66;;
2000;009;fra;France;1,66;;
2001;012;fra;France;1,49;;
2002;011;fra;France;1,55;;
2003;012;fra;France;1,54;;
2004;015;fra;France;1,38;;
2005;013;fra;France;1,48;;
2006;015;fra;France;1,41;;
2007;013;fra;France;1,41;;
2008;011;fra;France;1,49;;
2009;012;fra;France;1,49;;
2010;012;fra;France;1,49;;
2011;015;fra;France;1,46;;
2012;013;fra;France;1,38;;
2013;013;fra;France;1,47;;
1993;093;gab;Gabon;-1,24;;
1994;098;gab;Gabon;-0,88;;
1995;108;gab;Gabon;-1,06;;
1996;117;gab;Gabon;-1,34;;
1997;112;gab;Gabon;-1,18;;
1998;099;gab;Gabon;-0,95;;
1999;083;gab;Gabon;-0,59;;
2000;078;gab;Gabon;-0,47;;
2001;122;gab;Gabon;-1,62;;
2002;117;gab;Gabon;-1,42;;
2003;075;gab;Gabon;-0,30;;
2004;093;gab;Gabon;-0,78;;
2005;107;gab;Gabon;-0,97;;
2006;115;gab;Gabon;-1,19;;
2007;117;gab;Gabon;-1,35;;
2008;120;gab;Gabon;-1,41;;
2009;107;gab;Gabon;-1,13;;
2010;115;gab;Gabon;-1,34;;
2011;111;gab;Gabon;-1,27;;
2012;119;gab;Gabon;-1,52;;
2013;116;gab;Gabon;-1,47;;
1993;005;gbr;United Kingdom;2,09;;
1994;007;gbr;United Kingdom;1,98;;
1995;007;gbr;United Kingdom;1,88;;
1996;007;gbr;United Kingdom;1,77;;
1997;007;gbr;United Kingdom;1,82;;
1998;005;gbr;United Kingdom;1,95;;
1999;005;gbr;United Kingdom;1,94;;
2000;005;gbr;United Kingdom;1,96;;
2001;005;gbr;United Kingdom;1,90;;
2002;006;gbr;United Kingdom;1,79;;
2003;007;gbr;United Kingdom;1,83;;
2004;008;gbr;United Kingdom;1,74;;
2005;007;gbr;United Kingdom;1,71;;
2006;007;gbr;United Kingdom;1,87;;
2007;008;gbr;United Kingdom;1,64;;
2008;009;gbr;United Kingdom;1,58;;
2009;007;gbr;United Kingdom;1,63;;
2010;010;gbr;United Kingdom;1,57;;
2011;009;gbr;United Kingdom;1,57;;
2012;007;gbr;United Kingdom;1,61;;
2013;005;gbr;United Kingdom;1,72;;
1993;x;geo;Georgia;0,10;;
1994;031;geo;Georgia;0,57;;
1995;026;geo;Georgia;0,73;;
1996;043;geo;Georgia;0,39;;
1997;039;geo;Georgia;0,52;;
1998;038;geo;Georgia;0,47;;
1999;041;geo;Georgia;0,43;;
2000;037;geo;Georgia;0,56;;
2001;061;geo;Georgia;-0,07;;
2002;052;geo;Georgia;0,06;;
2003;056;geo;Georgia;-0,06;;
2004;054;geo;Georgia;0,01;;
2005;062;geo;Georgia;-0,08;;
2006;057;geo;Georgia;0,04;;
2007;069;geo;Georgia;-0,23;;
2008;070;geo;Georgia;-0,30;;
2009;075;geo;Georgia;-0,26;;
2010;079;geo;Georgia;-0,33;;
2011;057;geo;Georgia;-0,07;;
2012;073;geo;Georgia;-0,25;;
2013;063;geo;Georgia;-0,05;;
1993;097;gha;Ghana;-1,37;;
1994;117;gha;Ghana;-1,58;;
1995;112;gha;Ghana;-1,19;;
1996;114;gha;Ghana;-1,17;;
1997;116;gha;Ghana;-1,29;;
1998;112;gha;Ghana;-1,18;;
1999;110;gha;Ghana;-1,17;;
2000;107;gha;Ghana;-1,09;;
2001;099;gha;Ghana;-0,90;;
2002;113;gha;Ghana;-1,30;;
2003;114;gha;Ghana;-1,11;;
2004;103;gha;Ghana;-0,90;;
2005;103;gha;Ghana;-0,89;;
2006;105;gha;Ghana;-0,99;;
2007;103;gha;Ghana;-0,85;;
2008;100;gha;Ghana;-0,92;;
2009;110;gha;Ghana;-1,22;;
2010;110;gha;Ghana;-1,15;;
2011;091;gha;Ghana;-0,73;;
2012;104;gha;Ghana;-1,04;;
2013;100;gha;Ghana;-0,95;;
1993;101;gin;Guinea;-1,43;;
1994;119;gin;Guinea;-1,66;;
1995;120;gin;Guinea;-1,53;;
1996;125;gin;Guinea;-2,05;;
1997;125;gin;Guinea;-1,91;;
1998;125;gin;Guinea;-1,82;;
1999;124;gin;Guinea;-1,76;;
2000;120;gin;Guinea;-1,40;;
2001;108;gin;Guinea;-1,09;;
2002;121;gin;Guinea;-1,48;;
2003;126;gin;Guinea;-1,77;;
2004;102;gin;Guinea;-0,89;;
2005;122;gin;Guinea;-1,42;;
2006;121;gin;Guinea;-1,50;;
2007;121;gin;Guinea;-1,52;;
2008;123;gin;Guinea;-1,50;;
2009;x;gin;Guinea;-1,61;;
2010;123;gin;Guinea;-1,83;;
2011;120;gin;Guinea;-1,79;;
2012;122;gin;Guinea;-1,78;;
2013;124;gin;Guinea;-2,10;;
1993;045;grc;Greece;0,11;;
1994;053;grc;Greece;0,15;;
1995;053;grc;Greece;0,18;;
1996;049;grc;Greece;0,28;;
1997;054;grc;Greece;0,18;;
1998;050;grc;Greece;0,25;;
1999;045;grc;Greece;0,31;;
2000;042;grc;Greece;0,35;;
2001;051;grc;Greece;0,15;;
2002;046;grc;Greece;0,25;;
2003;046;grc;Greece;0,20;;
2004;047;grc;Greece;0,21;;
2005;048;grc;Greece;0,16;;
2006;052;grc;Greece;0,12;;
2007;050;grc;Greece;0,24;;
2008;053;grc;Greece;0,19;;
2009;052;grc;Greece;0,27;;
2010;049;grc;Greece;0,30;;
2011;046;grc;Greece;0,17;;
2012;047;grc;Greece;0,28;;
2013;048;grc;Greece;0,27;;
1993;087;gtm;Guatemala;-0,98;;
1994;091;gtm;Guatemala;-0,79;;
1995;100;gtm;Guatemala;-0,91;;
1996;096;gtm;Guatemala;-0,96;;
1997;095;gtm;Guatemala;-0,84;;
1998;098;gtm;Guatemala;-0,88;;
1999;102;gtm;Guatemala;-1,03;;
2000;102;gtm;Guatemala;-0,99;;
2001;066;gtm;Guatemala;-0,17;;
2002;071;gtm;Guatemala;-0,28;;
2003;059;gtm;Guatemala;-0,09;;
2004;059;gtm;Guatemala;-0,02;;
2005;066;gtm;Guatemala;-0,21;;
2006;059;gtm;Guatemala;0,00;;
2007;065;gtm;Guatemala;-0,13;;
2008;065;gtm;Guatemala;-0,13;;
2009;077;gtm;Guatemala;-0,29;;
2010;080;gtm;Guatemala;-0,37;;
2011;071;gtm;Guatemala;-0,39;;
2012;075;gtm;Guatemala;-0,30;;
2013;076;gtm;Guatemala;-0,38;;
1993;037;hkg;Hong Kong;0,44;;
1994;040;hkg;Hong Kong;0,36;;
1995;038;hkg;Hong Kong;0,46;;
1996;042;hkg;Hong Kong;0,39;;
1997;045;hkg;Hong Kong;0,37;;
1998;042;hkg;Hong Kong;0,42;;
1999;040;hkg;Hong Kong;0,46;;
2000;036;hkg;Hong Kong;0,57;;
2001;018;hkg;Hong Kong;1,24;;
2002;019;hkg;Hong Kong;1,19;;
2003;027;hkg;Hong Kong;0,89;;
2004;025;hkg;Hong Kong;0,96;;
2005;028;hkg;Hong Kong;0,85;;
2006;027;hkg;Hong Kong;0,91;;
2007;029;hkg;Hong Kong;0,84;;
2008;024;hkg;Hong Kong;1,03;;
2009;044;hkg;Hong Kong;0,42;;
2010;039;hkg;Hong Kong;0,59;;
2011;032;hkg;Hong Kong;0,73;;
2012;027;hkg;Hong Kong;0,84;;
2013;036;hkg;Hong Kong;0,60;;
1993;090;hnd;Honduras;-1,08;;
1994;106;hnd;Honduras;-1,15;;
1995;103;hnd;Honduras;-0,97;;
1996;100;hnd;Honduras;-1,01;;
1997;107;hnd;Honduras;-1,10;;
1998;108;hnd;Honduras;-1,12;;
1999;109;hnd;Honduras;-1,16;;
2000;112;hnd;Honduras;-1,22;;
2001;095;hnd;Honduras;-0,79;;
2002;085;hnd;Honduras;-0,57;;
2003;079;hnd;Honduras;-0,40;;
2004;080;hnd;Honduras;-0,42;;
2005;069;hnd;Honduras;-0,23;;
2006;067;hnd;Honduras;-0,23;;
2007;072;hnd;Honduras;-0,29;;
2008;088;hnd;Honduras;-0,56;;
2009;092;hnd;Honduras;-0,64;;
2010;094;hnd;Honduras;-0,63;;
2011;093;hnd;Honduras;-0,75;;
2012;082;hnd;Honduras;-0,46;;
2013;087;hnd;Honduras;-0,59;;
1993;x;hrv;Croatia;0,82;;
1994;025;hrv;Croatia;0,72;;
1995;028;hrv;Croatia;0,71;;
1996;030;hrv;Croatia;0,67;;
1997;033;hrv;Croatia;0,64;;
1998;028;hrv;Croatia;0,79;;
1999;027;hrv;Croatia;0,78;;
2000;030;hrv;Croatia;0,69;;
2001;029;hrv;Croatia;0,81;;
2002;028;hrv;Croatia;0,96;;
2003;030;hrv;Croatia;0,78;;
2004;028;hrv;Croatia;0,84;;
2005;029;hrv;Croatia;0,84;;
2006;025;hrv;Croatia;0,95;;
2007;026;hrv;Croatia;0,93;;
2008;026;hrv;Croatia;0,99;;
2009;025;hrv;Croatia;0,85;;
2010;025;hrv;Croatia;0,89;;
2011;027;hrv;Croatia;0,88;;
2012;025;hrv;Croatia;0,87;;
2013;026;hrv;Croatia;0,90;;
1993;021;hun;Hungary;1,01;;
1994;022;hun;Hungary;0,96;;
1995;023;hun;Hungary;0,97;;
1996;022;hun;Hungary;1,05;;
1997;021;hun;Hungary;1,04;;
1998;023;hun;Hungary;1,01;;
1999;023;hun;Hungary;0,99;;
2000;023;hun;Hungary;1,09;;
2001;024;hun;Hungary;1,06;;
2002;018;hun;Hungary;1,20;;
2003;019;hun;Hungary;1,24;;
2004;016;hun;Hungary;1,32;;
2005;016;hun;Hungary;1,31;;
2006;013;hun;Hungary;1,47;;
2007;010;hun;Hungary;1,50;;
2008;014;hun;Hungary;1,45;;
2009;015;hun;Hungary;1,40;;
2010;014;hun;Hungary;1,38;;
2011;011;hun;Hungary;1,54;;
2012;014;hun;Hungary;1,33;;
2013;015;hun;Hungary;1,34;;
1993;063;idn;Indonesia;-0,44;;
1994;078;idn;Indonesia;-0,47;;
1995;075;idn;Indonesia;-0,34;;
1996;072;idn;Indonesia;-0,28;;
1997;071;idn;Indonesia;-0,28;;
1998;068;idn;Indonesia;-0,21;;
1999;065;idn;Indonesia;-0,12;;
2000;062;idn;Indonesia;-0,05;;
2001;057;idn;Indonesia;0,04;;
2002;054;idn;Indonesia;0,02;;
2003;051;idn;Indonesia;0,01;;
2004;061;idn;Indonesia;-0,08;;
2005;061;idn;Indonesia;-0,07;;
2006;060;idn;Indonesia;-0,04;;
2007;062;idn;Indonesia;-0,10;;
2008;061;idn;Indonesia;-0,03;;
2009;069;idn;Indonesia;-0,18;;
2010;069;idn;Indonesia;-0,17;;
2011;065;idn;Indonesia;-0,22;;
2012;070;idn;Indonesia;-0,17;;
2013;072;idn;Indonesia;-0,25;;
1993;048;ind;India;0,03;;
1994;062;ind;India;0,00;;
1995;060;ind;India;0,10;;
1996;059;ind;India;0,12;;
1997;052;ind;India;0,19;;
1998;055;ind;India;0,20;;
1999;054;ind;India;0,13;;
2000;053;ind;India;0,15;;
2001;045;ind;India;0,30;;
2002;047;ind;India;0,24;;
2003;044;ind;India;0,25;;
2004;051;ind;India;0,11;;
2005;050;ind;India;0,13;;
2006;049;ind;India;0,17;;
2007;053;ind;India;0,17;;
2008;051;ind;India;0,23;;
2009;056;ind;India;0,21;;
2010;058;ind;India;0,18;;
2011;049;ind;India;0,10;;
2012;045;ind;India;0,31;;
2013;050;ind;India;0,26;;
1993;013;irl;Ireland;1,59;;
1994;014;irl;Ireland;1,57;;
1995;013;irl;Ireland;1,47;;
1996;013;irl;Ireland;1,42;;
1997;016;irl;Ireland;1,37;;
1998;011;irl;Ireland;1,60;;
1999;010;irl;Ireland;1,63;;
2000;010;irl;Ireland;1,57;;
2001;009;irl;Ireland;1,62;;
2002;010;irl;Ireland;1,61;;
2003;015;irl;Ireland;1,50;;
2004;014;irl;Ireland;1,42;;
2005;014;irl;Ireland;1,44;;
2006;014;irl;Ireland;1,44;;
2007;018;irl;Ireland;1,18;;
2008;018;irl;Ireland;1,25;;
2009;014;irl;Ireland;1,40;;
2010;016;irl;Ireland;1,35;;
2011;017;irl;Ireland;1,30;;
2012;017;irl;Ireland;1,23;;
2013;016;irl;Ireland;1,27;;
1993;081;irn;Iran;-0,83;;
1994;088;irn;Iran;-0,71;;
1995;091;irn;Iran;-0,75;;
1996;089;irn;Iran;-0,60;;
1997;078;irn;Iran;-0,44;;
1998;088;irn;Iran;-0,71;;
1999;096;irn;Iran;-0,80;;
2000;084;irn;Iran;-0,60;;
2001;109;irn;Iran;-1,10;;
2002;108;irn;Iran;-1,04;;
2003;109;irn;Iran;-0,99;;
2004;110;irn;Iran;-1,01;;
2005;096;irn;Iran;-0,74;;
2006;090;irn;Iran;-0,63;;
2007;102;irn;Iran;-0,83;;
2008;117;irn;Iran;-1,28;;
2009;103;irn;Iran;-1,01;;
2010;099;irn;Iran;-0,70;;
2011;092;irn;Iran;-0,74;;
2012;101;irn;Iran;-0,97;;
2013;092;irn;Iran;-0,74;;
1993;016;isr;Israel;1,27;;
1994;017;isr;Israel;1,30;;
1995;019;isr;Israel;1,17;;
1996;019;isr;Israel;1,17;;
1997;018;isr;Israel;1,21;;
1998;018;isr;Israel;1,26;;
1999;020;isr;Israel;1,22;;
2000;019;isr;Israel;1,25;;
2001;020;isr;Israel;1,21;;
2002;022;isr;Israel;1,16;;
2003;018;isr;Israel;1,26;;
2004;018;isr;Israel;1,23;;
2005;023;isr;Israel;1,02;;
2006;021;isr;Israel;1,08;;
2007;021;isr;Israel;1,12;;
2008;019;isr;Israel;1,17;;
2009;021;isr;Israel;1,09;;
2010;019;isr;Israel;1,20;;
2011;020;isr;Israel;1,14;;
2012;015;isr;Israel;1,28;;
2013;018;isr;Israel;1,22;;
1993;012;ita;Italy;1,74;;
1994;012;ita;Italy;1,68;;
1995;011;ita;Italy;1,67;;
1996;012;ita;Italy;1,50;;
1997;011;ita;Italy;1,50;;
1998;013;ita;Italy;1,55;;
1999;012;ita;Italy;1,60;;
2000;014;ita;Italy;1,48;;
2001;011;ita;Italy;1,49;;
2002;015;ita;Italy;1,45;;
2003;013;ita;Italy;1,51;;
2004;013;ita;Italy;1,45;;
2005;015;ita;Italy;1,41;;
2006;016;ita;Italy;1,38;;
2007;014;ita;Italy;1,38;;
2008;016;ita;Italy;1,32;;
2009;018;ita;Italy;1,29;;
2010;017;ita;Italy;1,34;;
2011;016;ita;Italy;1,36;;
2012;018;ita;Italy;1,20;;
2013;017;ita;Italy;1,22;;
1993;083;jam;Jamaica;-0,84;;
1994;108;jam;Jamaica;-1,20;;
1995;088;jam;Jamaica;-0,67;;
1996;101;jam;Jamaica;-1,04;;
1997;109;jam;Jamaica;-1,11;;
1998;093;jam;Jamaica;-0,81;;
1999;099;jam;Jamaica;-0,85;;
2000;095;jam;Jamaica;-0,81;;
2001;089;jam;Jamaica;-0,68;;
2002;082;jam;Jamaica;-0,51;;
2003;085;jam;Jamaica;-0,52;;
2004;072;jam;Jamaica;-0,30;;
2005;078;jam;Jamaica;-0,36;;
2006;072;jam;Jamaica;-0,33;;
2007;092;jam;Jamaica;-0,58;;
2008;081;jam;Jamaica;-0,38;;
2009;066;jam;Jamaica;-0,11;;
2010;x;jam;Jamaica;-0,25;;
2011;066;jam;Jamaica;-0,25;;
2012;063;jam;Jamaica;-0,09;;
2013;074;jam;Jamaica;-0,33;;
1993;038;jor;Jordan;0,39;;
1994;044;jor;Jordan;0,33;;
1995;047;jor;Jordan;0,25;;
1996;050;jor;Jordan;0,26;;
1997;062;jor;Jordan;0,01;;
1998;041;jor;Jordan;0,43;;
1999;037;jor;Jordan;0,48;;
2000;039;jor;Jordan;0,47;;
2001;034;jor;Jordan;0,57;;
2002;038;jor;Jordan;0,53;;
2003;055;jor;Jordan;-0,06;;
2004;050;jor;Jordan;0,11;;
2005;049;jor;Jordan;0,15;;
2006;054;jor;Jordan;0,09;;
2007;051;jor;Jordan;0,20;;
2008;046;jor;Jordan;0,31;;
2009;054;jor;Jordan;0,22;;
2010;047;jor;Jordan;0,35;;
2011;051;jor;Jordan;0,08;;
2012;049;jor;Jordan;0,22;;
2013;051;jor;Jordan;0,21;;
1993;002;jpn;Japan;2,36;;
1994;002;jpn;Japan;2,29;;
1995;001;jpn;Japan;2,41;;
1996;001;jpn;Japan;2,24;;
1997;002;jpn;Japan;2,23;;
1998;001;jpn;Japan;2,23;;
1999;002;jpn;Japan;2,22;;
2000;001;jpn;Japan;2,35;;
2001;001;jpn;Japan;2,70;;
2002;001;jpn;Japan;2,64;;
2003;001;jpn;Japan;2,66;;
2004;001;jpn;Japan;2,72;;
2005;001;jpn;Japan;2,58;;
2006;001;jpn;Japan;2,52;;
2007;001;jpn;Japan;2,34;;
2008;001;jpn;Japan;2,37;;
2009;001;jpn;Japan;2,06;;
2010;001;jpn;Japan;2,10;;
2011;001;jpn;Japan;2,31;;
2012;001;jpn;Japan;2,23;;
2013;001;jpn;Japan;2,29;;
1993;x;kaz;Kazakhstan;0,27;;
1994;047;kaz;Kazakhstan;0,27;;
1995;036;kaz;Kazakhstan;0,49;;
1996;033;kaz;Kazakhstan;0,63;;
1997;040;kaz;Kazakhstan;0,52;;
1998;053;kaz;Kazakhstan;0,21;;
1999;056;kaz;Kazakhstan;0,13;;
2000;059;kaz;Kazakhstan;0,01;;
2001;072;kaz;Kazakhstan;-0,33;;
2002;079;kaz;Kazakhstan;-0,40;;
2003;078;kaz;Kazakhstan;-0,38;;
2004;087;kaz;Kazakhstan;-0,52;;
2005;079;kaz;Kazakhstan;-0,38;;
2006;083;kaz;Kazakhstan;-0,45;;
2007;086;kaz;Kazakhstan;-0,52;;
2008;092;kaz;Kazakhstan;-0,64;;
2009;084;kaz;Kazakhstan;-0,45;;
2010;091;kaz;Kazakhstan;-0,55;;
2011;084;kaz;Kazakhstan;-0,58;;
2012;064;kaz;Kazakhstan;-0,11;;
2013;081;kaz;Kazakhstan;-0,44;;
1993;089;ken;Kenya;-1,05;;
1994;097;ken;Kenya;-0,88;;
1995;107;ken;Kenya;-1,06;;
1996;103;ken;Kenya;-1,06;;
1997;103;ken;Kenya;-1,06;;
1998;109;ken;Kenya;-1,14;;
1999;105;ken;Kenya;-1,07;;
2000;103;ken;Kenya;-0,99;;
2001;080;ken;Kenya;-0,50;;
2002;080;ken;Kenya;-0,43;;
2003;077;ken;Kenya;-0,34;;
2004;082;ken;Kenya;-0,45;;
2005;080;ken;Kenya;-0,42;;
2006;073;ken;Kenya;-0,33;;
2007;085;ken;Kenya;-0,50;;
2008;073;ken;Kenya;-0,31;;
2009;079;ken;Kenya;-0,33;;
2010;084;ken;Kenya;-0,47;;
2011;078;ken;Kenya;-0,51;;
2012;079;ken;Kenya;-0,42;;
2013;086;ken;Kenya;-0,57;;
1993;x;kgz;Kyrgyzstan;0,11;;
1994;058;kgz;Kyrgyzstan;0,11;;
1995;064;kgz;Kyrgyzstan;-0,10;;
1996;045;kgz;Kyrgyzstan;0,36;;
1997;055;kgz;Kyrgyzstan;0,17;;
1998;060;kgz;Kyrgyzstan;0,07;;
1999;059;kgz;Kyrgyzstan;0,01;;
2000;063;kgz;Kyrgyzstan;-0,06;;
2001;067;kgz;Kyrgyzstan;-0,18;;
2002;077;kgz;Kyrgyzstan;-0,39;;
2003;083;kgz;Kyrgyzstan;-0,47;;
2004;084;kgz;Kyrgyzstan;-0,51;;
2005;087;kgz;Kyrgyzstan;-0,61;;
2006;075;kgz;Kyrgyzstan;-0,35;;
2007;064;kgz;Kyrgyzstan;-0,11;;
2008;069;kgz;Kyrgyzstan;-0,27;;
2009;x;kgz;Kyrgyzstan;-0,19;;
2010;089;kgz;Kyrgyzstan;-0,51;;
2011;082;kgz;Kyrgyzstan;-0,49;;
2012;067;kgz;Kyrgyzstan;-0,14;;
2013;069;kgz;Kyrgyzstan;-0,18;;
1993;091;khm;Cambodia;-1,08;;
1994;105;khm;Cambodia;-1,07;;
1995;105;khm;Cambodia;-1,04;;
1996;095;khm;Cambodia;-0,93;;
1997;108;khm;Cambodia;-1,11;;
1998;114;khm;Cambodia;-1,22;;
1999;106;khm;Cambodia;-1,10;;
2000;113;khm;Cambodia;-1,26;;
2001;088;khm;Cambodia;-0,65;;
2002;072;khm;Cambodia;-0,29;;
2003;087;khm;Cambodia;-0,63;;
2004;099;khm;Cambodia;-0,85;;
2005;119;khm;Cambodia;-1,32;;
2006;112;khm;Cambodia;-1,12;;
2007;108;khm;Cambodia;-1,02;;
2008;098;khm;Cambodia;-0,74;;
2009;108;khm;Cambodia;-1,15;;
2010;107;khm;Cambodia;-1,02;;
2011;106;khm;Cambodia;-1,09;;
2012;105;khm;Cambodia;-1,05;;
2013;105;khm;Cambodia;-1,03;;
1993;027;kor;South Korea;0,76;;
1994;024;kor;South Korea;0,76;;
1995;022;kor;South Korea;0,99;;
1996;024;kor;South Korea;1,01;;
1997;026;kor;South Korea;0,97;;
1998;025;kor;South Korea;0,94;;
1999;022;kor;South Korea;1,03;;
2000;022;kor;South Korea;1,09;;
2001;015;kor;South Korea;1,39;;
2002;014;kor;South Korea;1,46;;
2003;014;kor;South Korea;1,50;;
2004;009;kor;South Korea;1,63;;
2005;008;kor;South Korea;1,66;;
2006;009;kor;South Korea;1,64;;
2007;011;kor;South Korea;1,49;;
2008;012;kor;South Korea;1,49;;
2009;009;kor;South Korea;1,56;;
2010;007;kor;South Korea;1,64;;
2011;005;kor;South Korea;1,80;;
2012;005;kor;South Korea;1,70;;
2013;007;kor;South Korea;1,70;;
1993;x;kwt;Kuwait;-0,53;;
1994;x;kwt;Kuwait;-0,53;;
1995;097;kwt;Kuwait;-0,88;;
1996;073;kwt;Kuwait;-0,30;;
1997;087;kwt;Kuwait;-0,66;;
1998;080;kwt;Kuwait;-0,57;;
1999;088;kwt;Kuwait;-0,66;;
2000;083;kwt;Kuwait;-0,60;;
2001;094;kwt;Kuwait;-0,76;;
2002;089;kwt;Kuwait;-0,70;;
2003;095;kwt;Kuwait;-0,73;;
2004;063;kwt;Kuwait;-0,12;;
2005;073;kwt;Kuwait;-0,29;;
2006;080;kwt;Kuwait;-0,42;;
2007;066;kwt;Kuwait;-0,16;;
2008;113;kwt;Kuwait;-1,21;;
2009;085;kwt;Kuwait;-0,45;;
2010;066;kwt;Kuwait;-0,07;;
2011;070;kwt;Kuwait;-0,33;;
2012;112;kwt;Kuwait;-1,23;;
2013;059;kwt;Kuwait;-0,01;;
1993;080;lao;Laos;-0,83;;
1994;102;lao;Laos;-1,03;;
1995;111;lao;Laos;-1,18;;
1996;088;lao;Laos;-0,60;;
1997;092;lao;Laos;-0,80;;
1998;096;lao;Laos;-0,86;;
1999;108;lao;Laos;-1,13;;
2000;109;lao;Laos;-1,13;;
2001;092;lao;Laos;-0,75;;
2002;104;lao;Laos;-0,97;;
2003;112;lao;Laos;-1,07;;
2004;111;lao;Laos;-1,04;;
2005;105;lao;Laos;-0,97;;
2006;102;lao;Laos;-0,94;;
2007;101;lao;Laos;-0,83;;
2008;101;lao;Laos;-0,93;;
2009;101;lao;Laos;-0,97;;
2010;102;lao;Laos;-0,89;;
2011;112;lao;Laos;-1,30;;
2012;110;lao;Laos;-1,21;;
2013;112;lao;Laos;-1,33;;
1993;041;lbn;Lebanon;0,19;;
1994;046;lbn;Lebanon;0,30;;
1995;058;lbn;Lebanon;0,13;;
1996;060;lbn;Lebanon;0,11;;
1997;060;lbn;Lebanon;0,04;;
1998;061;lbn;Lebanon;0,07;;
1999;053;lbn;Lebanon;0,16;;
2000;060;lbn;Lebanon;0,01;;
2001;048;lbn;Lebanon;0,20;;
2002;045;lbn;Lebanon;0,25;;
2003;049;lbn;Lebanon;0,06;;
2004;052;lbn;Lebanon;0,10;;
2005;044;lbn;Lebanon;0,29;;
2006;045;lbn;Lebanon;0,24;;
2007;045;lbn;Lebanon;0,44;;
2008;044;lbn;Lebanon;0,39;;
2009;047;lbn;Lebanon;0,31;;
2010;048;lbn;Lebanon;0,33;;
2011;044;lbn;Lebanon;0,25;;
2012;046;lbn;Lebanon;0,30;;
2013;047;lbn;Lebanon;0,29;;
1993;056;lbr;Liberia;-0,26;;
1994;100;lbr;Liberia;-0,96;;
1995;078;lbr;Liberia;-0,43;;
1996;108;lbr;Liberia;-1,12;;
1997;082;lbr;Liberia;-0,60;;
1998;084;lbr;Liberia;-0,63;;
1999;070;lbr;Liberia;-0,27;;
2000;100;lbr;Liberia;-0,97;;
2001;075;lbr;Liberia;-0,44;;
2002;084;lbr;Liberia;-0,53;;
2003;063;lbr;Liberia;-0,14;;
2004;070;lbr;Liberia;-0,25;;
2005;084;lbr;Liberia;-0,48;;
2006;109;lbr;Liberia;-1,09;;
2007;113;lbr;Liberia;-1,10;;
2008;112;lbr;Liberia;-1,17;;
2009;096;lbr;Liberia;-0,77;;
2010;x;lbr;Liberia;-0,65;;
2011;x;lbr;Liberia;-0,65;;
2012;095;lbr;Liberia;-0,76;;
2013;078;lbr;Liberia;-0,42;;
1993;071;lby;Libya;-0,66;;
1994;082;lby;Libya;-0,55;;
1995;096;lby;Libya;-0,85;;
1996;083;lby;Libya;-0,50;;
1997;068;lby;Libya;-0,21;;
1998;092;lby;Libya;-0,75;;
1999;087;lby;Libya;-0,65;;
2000;085;lby;Libya;-0,63;;
2001;112;lby;Libya;-1,18;;
2002;105;lby;Libya;-0,99;;
2003;104;lby;Libya;-0,93;;
2004;118;lby;Libya;-1,25;;
2005;104;lby;Libya;-0,94;;
2006;101;lby;Libya;-0,92;;
2007;120;lby;Libya;-1,45;;
2008;119;lby;Libya;-1,33;;
2009;109;lby;Libya;-1,19;;
2010;111;lby;Libya;-1,21;;
2011;113;lby;Libya;-1,34;;
2012;124;lby;Libya;-3,18;;
2013;122;lby;Libya;-1,71;;
1993;077;lka;Sri Lanka;-0,74;;
1994;092;lka;Sri Lanka;-0,80;;
1995;093;lka;Sri Lanka;-0,77;;
1996;091;lka;Sri Lanka;-0,71;;
1997;085;lka;Sri Lanka;-0,65;;
1998;087;lka;Sri Lanka;-0,66;;
1999;085;lka;Sri Lanka;-0,61;;
2000;089;lka;Sri Lanka;-0,69;;
2001;074;lka;Sri Lanka;-0,43;;
2002;078;lka;Sri Lanka;-0,40;;
2003;084;lka;Sri Lanka;-0,49;;
2004;083;lka;Sri Lanka;-0,49;;
2005;085;lka;Sri Lanka;-0,50;;
2006;079;lka;Sri Lanka;-0,41;;
2007;077;lka;Sri Lanka;-0,35;;
2008;071;lka;Sri Lanka;-0,30;;
2009;087;lka;Sri Lanka;-0,51;;
2010;083;lka;Sri Lanka;-0,47;;
2011;082;lka;Sri Lanka;-0,57;;
2012;084;lka;Sri Lanka;-0,48;;
2013;084;lka;Sri Lanka;-0,55;;
1993;x;ltu;Lithuania;0,23;;
1994;049;ltu;Lithuania;0,23;;
1995;052;ltu;Lithuania;0,19;;
1996;044;ltu;Lithuania;0,37;;
1997;047;ltu;Lithuania;0,30;;
1998;044;ltu;Lithuania;0,41;;
1999;050;ltu;Lithuania;0,19;;
2000;054;ltu;Lithuania;0,14;;
2001;039;ltu;Lithuania;0,52;;
2002;040;ltu;Lithuania;0,49;;
2003;041;ltu;Lithuania;0,45;;
2004;039;ltu;Lithuania;0,46;;
2005;032;ltu;Lithuania;0,68;;
2006;037;ltu;Lithuania;0,64;;
2007;031;ltu;Lithuania;0,76;;
2008;036;ltu;Lithuania;0,68;;
2009;042;ltu;Lithuania;0,53;;
2010;038;ltu;Lithuania;0,64;;
2011;030;ltu;Lithuania;0,75;;
2012;032;ltu;Lithuania;0,73;;
2013;030;ltu;Lithuania;0,73;;
1993;x;lva;Latvia;0,15;;
1994;052;lva;Latvia;0,15;;
1995;057;lva;Latvia;0,13;;
1996;046;lva;Latvia;0,36;;
1997;041;lva;Latvia;0,46;;
1998;052;lva;Latvia;0,21;;
1999;058;lva;Latvia;0,06;;
2000;056;lva;Latvia;0,10;;
2001;037;lva;Latvia;0,55;;
2002;032;lva;Latvia;0,72;;
2003;032;lva;Latvia;0,71;;
2004;036;lva;Latvia;0,63;;
2005;033;lva;Latvia;0,68;;
2006;040;lva;Latvia;0,55;;
2007;038;lva;Latvia;0,64;;
2008;039;lva;Latvia;0,58;;
2009;031;lva;Latvia;0,71;;
2010;037;lva;Latvia;0,65;;
2011;034;lva;Latvia;0,70;;
2012;035;lva;Latvia;0,67;;
2013;035;lva;Latvia;0,61;;
1993;067;mar;Morocco;-0,58;;
1994;079;mar;Morocco;-0,48;;
1995;079;mar;Morocco;-0,52;;
1996;081;mar;Morocco;-0,48;;
1997;081;mar;Morocco;-0,57;;
1998;077;mar;Morocco;-0,54;;
1999;081;mar;Morocco;-0,56;;
2000;082;mar;Morocco;-0,58;;
2001;078;mar;Morocco;-0,48;;
2002;076;mar;Morocco;-0,37;;
2003;086;mar;Morocco;-0,54;;
2004;081;mar;Morocco;-0,45;;
2005;082;mar;Morocco;-0,43;;
2006;081;mar;Morocco;-0,43;;
2007;073;mar;Morocco;-0,31;;
2008;083;mar;Morocco;-0,44;;
2009;086;mar;Morocco;-0,49;;
2010;086;mar;Morocco;-0,50;;
2011;081;mar;Morocco;-0,56;;
2012;089;mar;Morocco;-0,56;;
2013;088;mar;Morocco;-0,60;;
1993;x;mda;Moldova;0,07;;
1994;045;mda;Moldova;0,33;;
1995;050;mda;Moldova;0,19;;
1996;053;mda;Moldova;0,23;;
1997;056;mda;Moldova;0,16;;
1998;059;mda;Moldova;0,10;;
1999;061;mda;Moldova;0,01;;
2000;052;mda;Moldova;0,17;;
2001;062;mda;Moldova;-0,08;;
2002;059;mda;Moldova;-0,05;;
2003;053;mda;Moldova;-0,04;;
2004;057;mda;Moldova;0,00;;
2005;057;mda;Moldova;-0,01;;
2006;061;mda;Moldova;-0,06;;
2007;048;mda;Moldova;0,31;;
2008;050;mda;Moldova;0,24;;
2009;064;mda;Moldova;0,00;;
2010;062;mda;Moldova;0,04;;
2011;058;mda;Moldova;-0,14;;
2012;060;mda;Moldova;0,06;;
2013;058;mda;Moldova;0,01;;
1993;095;mdg;Madagascar;-1,25;;
1994;109;mdg;Madagascar;-1,21;;
1995;110;mdg;Madagascar;-1,18;;
1996;109;mdg;Madagascar;-1,13;;
1997;115;mdg;Madagascar;-1,28;;
1998;110;mdg;Madagascar;-1,17;;
1999;113;mdg;Madagascar;-1,26;;
2000;119;mdg;Madagascar;-1,40;;
2001;101;mdg;Madagascar;-0,92;;
2002;106;mdg;Madagascar;-1,01;;
2003;108;mdg;Madagascar;-0,98;;
2004;101;mdg;Madagascar;-0,87;;
2005;097;mdg;Madagascar;-0,79;;
2006;095;mdg;Madagascar;-0,75;;
2007;094;mdg;Madagascar;-0,67;;
2008;090;mdg;Madagascar;-0,64;;
2009;106;mdg;Madagascar;-1,11;;
2010;105;mdg;Madagascar;-0,99;;
2011;101;mdg;Madagascar;-0,93;;
2012;100;mdg;Madagascar;-0,91;;
2013;106;mdg;Madagascar;-1,09;;
1993;025;mex;Mexico;0,79;;
1994;023;mex;Mexico;0,82;;
1995;027;mex;Mexico;0,73;;
1996;027;mex;Mexico;0,78;;
1997;030;mex;Mexico;0,71;;
1998;027;mex;Mexico;0,80;;
1999;026;mex;Mexico;0,89;;
2000;025;mex;Mexico;0,87;;
2001;022;mex;Mexico;1,12;;
2002;023;mex;Mexico;1,09;;
2003;023;mex;Mexico;1,11;;
2004;020;mex;Mexico;1,11;;
2005;020;mex;Mexico;1,17;;
2006;020;mex;Mexico;1,15;;
2007;023;mex;Mexico;1,06;;
2008;020;mex;Mexico;1,16;;
2009;024;mex;Mexico;0,94;;
2010;024;mex;Mexico;0,97;;
2011;026;mex;Mexico;0,91;;
2012;023;mex;Mexico;0,91;;
2013;023;mex;Mexico;0,95;;
1993;x;mkd;Macedonia;0,18;;
1994;x;mkd;Macedonia;0,18;;
1995;046;mkd;Macedonia;0,26;;
1996;057;mkd;Macedonia;0,18;;
1997;051;mkd;Macedonia;0,21;;
1998;062;mkd;Macedonia;0,00;;
1999;062;mkd;Macedonia;-0,06;;
2000;070;mkd;Macedonia;-0,23;;
2001;056;mkd;Macedonia;0,06;;
2002;060;mkd;Macedonia;-0,07;;
2003;065;mkd;Macedonia;-0,15;;
2004;062;mkd;Macedonia;-0,12;;
2005;065;mkd;Macedonia;-0,18;;
2006;066;mkd;Macedonia;-0,20;;
2007;058;mkd;Macedonia;0,00;;
2008;063;mkd;Macedonia;-0,05;;
2009;068;mkd;Macedonia;-0,14;;
2010;065;mkd;Macedonia;-0,01;;
2011;072;mkd;Macedonia;-0,40;;
2012;062;mkd;Macedonia;-0,03;;
2013;061;mkd;Macedonia;-0,02;;
1993;074;mli;Mali;-0,69;;
1994;087;mli;Mali;-0,64;;
1995;087;mli;Mali;-0,66;;
1996;110;mli;Mali;-1,14;;
1997;114;mli;Mali;-1,27;;
1998;120;mli;Mali;-1,49;;
1999;116;mli;Mali;-1,35;;
2000;075;mli;Mali;-0,42;;
2001;085;mli;Mali;-0,61;;
2002;101;mli;Mali;-0,91;;
2003;124;mli;Mali;-1,59;;
2004;108;mli;Mali;-0,97;;
2005;114;mli;Mali;-1,22;;
2006;117;mli;Mali;-1,24;;
2007;119;mli;Mali;-1,43;;
2008;111;mli;Mali;-1,14;;
2009;x;mli;Mali;-1,02;;
2010;x;mli;Mali;-1,02;;
2011;x;mli;Mali;-1,02;;
2012;091;mli;Mali;-0,65;;
2013;104;mli;Mali;-1,02;;
1993;057;mng;Mongolia;-0,30;;
1994;083;mng;Mongolia;-0,58;;
1995;082;mng;Mongolia;-0,57;;
1996;080;mng;Mongolia;-0,48;;
1997;089;mng;Mongolia;-0,73;;
1998;089;mng;Mongolia;-0,73;;
1999;100;mng;Mongolia;-0,89;;
2000;097;mng;Mongolia;-0,85;;
2001;096;mng;Mongolia;-0,80;;
2002;098;mng;Mongolia;-0,87;;
2003;107;mng;Mongolia;-0,98;;
2004;114;mng;Mongolia;-1,09;;
2005;098;mng;Mongolia;-0,80;;
2006;113;mng;Mongolia;-1,12;;
2007;110;mng;Mongolia;-1,04;;
2008;114;mng;Mongolia;-1,22;;
2009;094;mng;Mongolia;-0,71;;
2010;109;mng;Mongolia;-1,12;;
2011;105;mng;Mongolia;-1,08;;
2012;109;mng;Mongolia;-1,16;;
2013;109;mng;Mongolia;-1,24;;
1993;061;moz;Mozambique;-0,35;;
1994;085;moz;Mozambique;-0,62;;
1995;102;moz;Mozambique;-0,96;;
1996;113;moz;Mozambique;-1,16;;
1997;073;moz;Mozambique;-0,34;;
1998;076;moz;Mozambique;-0,40;;
1999;064;moz;Mozambique;-0,10;;
2000;067;moz;Mozambique;-0,20;;
2001;105;moz;Mozambique;-1,03;;
2002;090;moz;Mozambique;-0,77;;
2003;088;moz;Mozambique;-0,64;;
2004;113;moz;Mozambique;-1,07;;
2005;115;moz;Mozambique;-1,24;;
2006;111;moz;Mozambique;-1,10;;
2007;116;moz;Mozambique;-1,25;;
2008;109;moz;Mozambique;-1,13;;
2009;114;moz;Mozambique;-1,40;;
2010;113;moz;Mozambique;-1,34;;
2011;117;moz;Mozambique;-1,46;;
2012;118;moz;Mozambique;-1,48;;
2013;115;moz;Mozambique;-1,40;;
1993;086;mrt;Mauritania;-0,96;;
1994;112;mrt;Mauritania;-1,32;;
1995;122;mrt;Mauritania;-1,56;;
1996;102;mrt;Mauritania;-1,05;;
1997;123;mrt;Mauritania;-1,64;;
1998;104;mrt;Mauritania;-1,05;;
1999;093;mrt;Mauritania;-0,75;;
2000;101;mrt;Mauritania;-0,98;;
2001;114;mrt;Mauritania;-1,22;;
2002;103;mrt;Mauritania;-0,97;;
2003;090;mrt;Mauritania;-0,67;;
2004;125;mrt;Mauritania;-1,78;;
2005;120;mrt;Mauritania;-1,39;;
2006;125;mrt;Mauritania;-1,72;;
2007;126;mrt;Mauritania;-1,83;;
2008;128;mrt;Mauritania;-1,96;;
2009;122;mrt;Mauritania;-1,84;;
2010;119;mrt;Mauritania;-1,63;;
2011;121;mrt;Mauritania;-1,88;;
2012;115;mrt;Mauritania;-1,37;;
2013;121;mrt;Mauritania;-1,70;;
1993;082;mus;Mauritius;-0,83;;
1994;101;mus;Mauritius;-1,00;;
1995;098;mus;Mauritius;-0,89;;
1996;093;mus;Mauritius;-0,78;;
1997;094;mus;Mauritius;-0,84;;
1998;086;mus;Mauritius;-0,65;;
1999;089;mus;Mauritius;-0,72;;
2000;099;mus;Mauritius;-0,94;;
2001;068;mus;Mauritius;-0,26;;
2002;070;mus;Mauritius;-0,28;;
2003;070;mus;Mauritius;-0,23;;
2004;060;mus;Mauritius;-0,07;;
2005;068;mus;Mauritius;-0,22;;
2006;070;mus;Mauritius;-0,28;;
2007;078;mus;Mauritius;-0,36;;
2008;077;mus;Mauritius;-0,35;;
2009;073;mus;Mauritius;-0,21;;
2010;078;mus;Mauritius;-0,30;;
2011;067;mus;Mauritius;-0,28;;
2012;054;mus;Mauritius;0,18;;
2013;064;mus;Mauritius;-0,08;;
1993;099;mwi;Malawi;-1,38;;
1994;114;mwi;Malawi;-1,43;;
1995;119;mwi;Malawi;-1,52;;
1996;119;mwi;Malawi;-1,52;;
1997;121;mwi;Malawi;-1,61;;
1998;116;mwi;Malawi;-1,34;;
1999;119;mwi;Malawi;-1,49;;
2000;125;mwi;Malawi;-1,88;;
2001;113;mwi;Malawi;-1,20;;
2002;122;mwi;Malawi;-1,49;;
2003;122;mwi;Malawi;-1,51;;
2004;119;mwi;Malawi;-1,36;;
2005;118;mwi;Malawi;-1,30;;
2006;099;mwi;Malawi;-0,90;;
2007;112;mwi;Malawi;-1,09;;
2008;106;mwi;Malawi;-1,07;;
2009;x;mwi;Malawi;-1,34;;
2010;x;mwi;Malawi;-1,34;;
2011;114;mwi;Malawi;-1,36;;
2012;113;mwi;Malawi;-1,23;;
2013;096;mwi;Malawi;-0,83;;
1993;040;mys;Malaysia;0,25;;
1994;048;mys;Malaysia;0,26;;
1995;037;mys;Malaysia;0,46;;
1996;039;mys;Malaysia;0,50;;
1997;044;mys;Malaysia;0,37;;
1998;037;mys;Malaysia;0,49;;
1999;036;mys;Malaysia;0,53;;
2000;031;mys;Malaysia;0,61;;
2001;027;mys;Malaysia;0,95;;
2002;027;mys;Malaysia;1,00;;
2003;025;mys;Malaysia;0,95;;
2004;023;mys;Malaysia;1,03;;
2005;026;mys;Malaysia;0,91;;
2006;028;mys;Malaysia;0,89;;
2007;036;mys;Malaysia;0,66;;
2008;034;mys;Malaysia;0,76;;
2009;039;mys;Malaysia;0,57;;
2010;032;mys;Malaysia;0,68;;
2011;031;mys;Malaysia;0,74;;
2012;024;mys;Malaysia;0,89;;
2013;034;mys;Malaysia;0,69;;
1993;106;nga;Nigeria;-1,61;;
1994;120;nga;Nigeria;-1,70;;
1995;124;nga;Nigeria;-1,74;;
1996;124;nga;Nigeria;-1,99;;
1997;124;nga;Nigeria;-1,74;;
1998;123;nga;Nigeria;-1,68;;
1999;125;nga;Nigeria;-1,85;;
2000;121;nga;Nigeria;-1,40;;
2001;125;nga;Nigeria;-2,13;;
2002;116;nga;Nigeria;-1,36;;
2003;121;nga;Nigeria;-1,49;;
2004;127;nga;Nigeria;-2,29;;
2005;127;nga;Nigeria;-2,37;;
2006;122;nga;Nigeria;-1,54;;
2007;124;nga;Nigeria;-1,75;;
2008;121;nga;Nigeria;-1,45;;
2009;124;nga;Nigeria;-2,29;;
2010;125;nga;Nigeria;-2,38;;
2011;124;nga;Nigeria;-2,02;;
2012;120;nga;Nigeria;-1,63;;
2013;119;nga;Nigeria;-1,57;;
1993;096;nic;Nicaragua;-1,34;;
1994;110;nic;Nicaragua;-1,22;;
1995;092;nic;Nicaragua;-0,75;;
1996;112;nic;Nicaragua;-1,15;;
1997;106;nic;Nicaragua;-1,08;;
1998;117;nic;Nicaragua;-1,35;;
1999;112;nic;Nicaragua;-1,20;;
2000;114;nic;Nicaragua;-1,32;;
2001;087;nic;Nicaragua;-0,64;;
2002;075;nic;Nicaragua;-0,37;;
2003;092;nic;Nicaragua;-0,69;;
2004;096;nic;Nicaragua;-0,82;;
2005;095;nic;Nicaragua;-0,72;;
2006;103;nic;Nicaragua;-0,95;;
2007;097;nic;Nicaragua;-0,74;;
2008;097;nic;Nicaragua;-0,71;;
2009;099;nic;Nicaragua;-0,87;;
2010;104;nic;Nicaragua;-0,95;;
2011;100;nic;Nicaragua;-0,90;;
2012;094;nic;Nicaragua;-0,74;;
2013;095;nic;Nicaragua;-0,81;;
1993;014;nld;Netherlands;1,54;;
1994;013;nld;Netherlands;1,57;;
1995;015;nld;Netherlands;1,42;;
1996;015;nld;Netherlands;1,36;;
1997;015;nld;Netherlands;1,39;;
1998;016;nld;Netherlands;1,38;;
1999;017;nld;Netherlands;1,37;;
2000;018;nld;Netherlands;1,37;;
2001;021;nld;Netherlands;1,13;;
2002;024;nld;Netherlands;1,09;;
2003;022;nld;Netherlands;1,11;;
2004;024;nld;Netherlands;0,97;;
2005;022;nld;Netherlands;1,05;;
2006;023;nld;Netherlands;1,05;;
2007;024;nld;Netherlands;1,03;;
2008;023;nld;Netherlands;1,05;;
2009;020;nld;Netherlands;1,11;;
2010;022;nld;Netherlands;1,05;;
2011;023;nld;Netherlands;0,98;;
2012;020;nld;Netherlands;1,09;;
2013;020;nld;Netherlands;1,13;;
1993;019;nor;Norway;1,10;;
1994;021;nor;Norway;1,00;;
1995;024;nor;Norway;0,96;;
1996;020;nor;Norway;1,10;;
1997;024;nor;Norway;1,01;;
1998;024;nor;Norway;0,99;;
1999;025;nor;Norway;0,93;;
2000;026;nor;Norway;0,86;;
2001;043;nor;Norway;0,46;;
2002;039;nor;Norway;0,52;;
2003;040;nor;Norway;0,49;;
2004;040;nor;Norway;0,46;;
2005;031;nor;Norway;0,79;;
2006;030;nor;Norway;0,80;;
2007;032;nor;Norway;0,76;;
2008;033;nor;Norway;0,78;;
2009;030;nor;Norway;0,74;;
2010;031;nor;Norway;0,71;;
2011;037;nor;Norway;0,58;;
2012;026;nor;Norway;0,85;;
2013;024;nor;Norway;0,95;;
1993;028;nzl;New Zealand;0,76;;
1994;029;nzl;New Zealand;0,65;;
1995;032;nzl;New Zealand;0,53;;
1996;034;nzl;New Zealand;0,63;;
1997;034;nzl;New Zealand;0,61;;
1998;039;nzl;New Zealand;0,46;;
1999;033;nzl;New Zealand;0,59;;
2000;034;nzl;New Zealand;0,59;;
2001;052;nzl;New Zealand;0,12;;
2002;044;nzl;New Zealand;0,30;;
2003;045;nzl;New Zealand;0,23;;
2004;045;nzl;New Zealand;0,21;;
2005;045;nzl;New Zealand;0,27;;
2006;047;nzl;New Zealand;0,20;;
2007;047;nzl;New Zealand;0,36;;
2008;048;nzl;New Zealand;0,27;;
2009;055;nzl;New Zealand;0,21;;
2010;052;nzl;New Zealand;0,26;;
2011;048;nzl;New Zealand;0,16;;
2012;041;nzl;New Zealand;0,44;;
2013;043;nzl;New Zealand;0,33;;
1993;069;omn;Oman;-0,63;;
1994;041;omn;Oman;0,34;;
1995;071;omn;Oman;-0,25;;
1996;068;omn;Oman;-0,16;;
1997;080;omn;Oman;-0,51;;
1998;074;omn;Oman;-0,35;;
1999;075;omn;Oman;-0,33;;
2000;068;omn;Oman;-0,21;;
2001;082;omn;Oman;-0,58;;
2002;102;omn;Oman;-0,93;;
2003;111;omn;Oman;-1,03;;
2004;076;omn;Oman;-0,36;;
2005;072;omn;Oman;-0,26;;
2006;088;omn;Oman;-0,50;;
2007;082;omn;Oman;-0,44;;
2008;091;omn;Oman;-0,64;;
2009;074;omn;Oman;-0,22;;
2010;071;omn;Oman;-0,20;;
2011;083;omn;Oman;-0,57;;
2012;085;omn;Oman;-0,48;;
2013;082;omn;Oman;-0,45;;
1993;078;pak;Pakistan;-0,78;;
1994;090;pak;Pakistan;-0,78;;
1995;090;pak;Pakistan;-0,74;;
1996;092;pak;Pakistan;-0,71;;
1997;097;pak;Pakistan;-0,86;;
1998;090;pak;Pakistan;-0,75;;
1999;090;pak;Pakistan;-0,72;;
2000;094;pak;Pakistan;-0,80;;
2001;083;pak;Pakistan;-0,58;;
2002;087;pak;Pakistan;-0,66;;
2003;098;pak;Pakistan;-0,79;;
2004;097;pak;Pakistan;-0,83;;
2005;091;pak;Pakistan;-0,68;;
2006;091;pak;Pakistan;-0,68;;
2007;093;pak;Pakistan;-0,65;;
2008;082;pak;Pakistan;-0,44;;
2009;089;pak;Pakistan;-0,54;;
2010;092;pak;Pakistan;-0,60;;
2011;099;pak;Pakistan;-0,89;;
2012;088;pak;Pakistan;-0,54;;
2013;089;pak;Pakistan;-0,66;;
1993;039;pan;Panama;0,27;;
1994;066;pan;Panama;-0,28;;
1995;061;pan;Panama;-0,04;;
1996;070;pan;Panama;-0,20;;
1997;076;pan;Panama;-0,39;;
1998;066;pan;Panama;-0,14;;
1999;073;pan;Panama;-0,29;;
2000;072;pan;Panama;-0,24;;
2001;042;pan;Panama;0,47;;
2002;067;pan;Panama;-0,26;;
2003;039;pan;Panama;0,52;;
2004;041;pan;Panama;0,44;;
2005;042;pan;Panama;0,45;;
2006;035;pan;Panama;0,66;;
2007;042;pan;Panama;0,57;;
2008;030;pan;Panama;0,83;;
2009;051;pan;Panama;0,27;;
2010;043;pan;Panama;0,46;;
2011;036;pan;Panama;0,59;;
2012;033;pan;Panama;0,71;;
2013;044;pan;Panama;0,33;;
1993;052;per;Peru;-0,13;;
1994;064;per;Peru;-0,17;;
1995;065;per;Peru;-0,16;;
1996;071;per;Peru;-0,23;;
1997;079;per;Peru;-0,46;;
1998;071;per;Peru;-0,28;;
1999;072;per;Peru;-0,28;;
2000;071;per;Peru;-0,24;;
2001;077;per;Peru;-0,47;;
2002;086;per;Peru;-0,61;;
2003;094;per;Peru;-0,73;;
2004;090;per;Peru;-0,67;;
2005;086;per;Peru;-0,57;;
2006;089;per;Peru;-0,63;;
2007;089;per;Peru;-0,57;;
2008;089;per;Peru;-0,62;;
2009;093;per;Peru;-0,66;;
2010;090;per;Peru;-0,52;;
2011;087;per;Peru;-0,64;;
2012;074;per;Peru;-0,29;;
2013;085;per;Peru;-0,55;;
1993;058;phl;Philippines;-0,32;;
1994;072;phl;Philippines;-0,36;;
1995;073;phl;Philippines;-0,30;;
1996;069;phl;Philippines;-0,20;;
1997;070;phl;Philippines;-0,25;;
1998;073;phl;Philippines;-0,33;;
1999;066;phl;Philippines;-0,18;;
2000;066;phl;Philippines;-0,18;;
2001;060;phl;Philippines;-0,07;;
2002;061;phl;Philippines;-0,12;;
2003;066;phl;Philippines;-0,15;;
2004;049;phl;Philippines;0,12;;
2005;052;phl;Philippines;0,08;;
2006;050;phl;Philippines;0,16;;
2007;059;phl;Philippines;0,00;;
2008;059;phl;Philippines;0,01;;
2009;062;phl;Philippines;0,09;;
2010;054;phl;Philippines;0,25;;
2011;047;phl;Philippines;0,17;;
2012;044;phl;Philippines;0,35;;
2013;049;phl;Philippines;0,27;;
1993;104;png;Papua New Guinea;-1,55;;
1994;122;png;Papua New Guinea;-1,77;;
1995;125;png;Papua New Guinea;-1,82;;
1996;121;png;Papua New Guinea;-1,75;;
1997;120;png;Papua New Guinea;-1,58;;
1998;121;png;Papua New Guinea;-1,58;;
1999;123;png;Papua New Guinea;-1,68;;
2000;117;png;Papua New Guinea;-1,37;;
2001;111;png;Papua New Guinea;-1,17;;
2002;119;png;Papua New Guinea;-1,44;;
2003;115;png;Papua New Guinea;-1,24;;
2004;122;png;Papua New Guinea;-1,46;;
2005;125;png;Papua New Guinea;-1,79;;
2006;124;png;Papua New Guinea;-1,69;;
2007;125;png;Papua New Guinea;-1,77;;
2008;124;png;Papua New Guinea;-1,64;;
2009;118;png;Papua New Guinea;-1,57;;
2010;118;png;Papua New Guinea;-1,45;;
2011;108;png;Papua New Guinea;-1,23;;
2012;116;png;Papua New Guinea;-1,38;;
2013;120;png;Papua New Guinea;-1,67;;
1993;026;pol;Poland;0,77;;
1994;027;pol;Poland;0,68;;
1995;025;pol;Poland;0,80;;
1996;026;pol;Poland;0,97;;
1997;022;pol;Poland;1,02;;
1998;022;pol;Poland;1,02;;
1999;024;pol;Poland;0,94;;
2000;024;pol;Poland;1,03;;
2001;025;pol;Poland;1,04;;
2002;026;pol;Poland;1,04;;
2003;026;pol;Poland;0,94;;
2004;026;pol;Poland;0,95;;
2005;024;pol;Poland;0,97;;
2006;022;pol;Poland;1,06;;
2007;022;pol;Poland;1,09;;
2008;025;pol;Poland;1,03;;
2009;022;pol;Poland;1,02;;
2010;021;pol;Poland;1,12;;
2011;021;pol;Poland;1,14;;
2012;022;pol;Poland;1,00;;
2013;021;pol;Poland;1,12;;
1993;036;prt;Portugal;0,44;;
1994;038;prt;Portugal;0,38;;
1995;040;prt;Portugal;0,42;;
1996;036;prt;Portugal;0,55;;
1997;038;prt;Portugal;0,52;;
1998;033;prt;Portugal;0,56;;
1999;032;prt;Portugal;0,60;;
2000;032;prt;Portugal;0,61;;
2001;028;prt;Portugal;0,82;;
2002;031;prt;Portugal;0,73;;
2003;031;prt;Portugal;0,73;;
2004;029;prt;Portugal;0,71;;
2005;038;prt;Portugal;0,59;;
2006;038;prt;Portugal;0,63;;
2007;033;prt;Portugal;0,71;;
2008;035;prt;Portugal;0,69;;
2009;037;prt;Portugal;0,60;;
2010;035;prt;Portugal;0,68;;
2011;038;prt;Portugal;0,56;;
2012;036;prt;Portugal;0,63;;
2013;039;prt;Portugal;0,51;;
1993;070;pry;Paraguay;-0,64;;
1994;068;pry;Paraguay;-0,30;;
1995;069;pry;Paraguay;-0,23;;
1996;079;pry;Paraguay;-0,44;;
1997;072;pry;Paraguay;-0,31;;
1998;069;pry;Paraguay;-0,23;;
1999;076;pry;Paraguay;-0,36;;
2000;077;pry;Paraguay;-0,45;;
2001;098;pry;Paraguay;-0,86;;
2002;099;pry;Paraguay;-0,87;;
2003;102;pry;Paraguay;-0,92;;
2004;092;pry;Paraguay;-0,75;;
2005;090;pry;Paraguay;-0,68;;
2006;093;pry;Paraguay;-0,72;;
2007;087;pry;Paraguay;-0,54;;
2008;086;pry;Paraguay;-0,52;;
2009;090;pry;Paraguay;-0,55;;
2010;082;pry;Paraguay;-0,42;;
2011;089;pry;Paraguay;-0,65;;
2012;087;pry;Paraguay;-0,50;;
2013;079;pry;Paraguay;-0,42;;
1993;054;qat;Qatar;-0,17;;
1994;056;qat;Qatar;0,13;;
1995;080;qat;Qatar;-0,52;;
1996;078;qat;Qatar;-0,43;;
1997;096;qat;Qatar;-0,84;;
1998;094;qat;Qatar;-0,82;;
1999;082;qat;Qatar;-0,58;;
2000;074;qat;Qatar;-0,41;;
2001;079;qat;Qatar;-0,49;;
2002;096;qat;Qatar;-0,85;;
2003;091;qat;Qatar;-0,68;;
2004;064;qat;Qatar;-0,13;;
2005;088;qat;Qatar;-0,66;;
2006;056;qat;Qatar;0,05;;
2007;068;qat;Qatar;-0,21;;
2008;084;qat;Qatar;-0,45;;
2009;070;qat;Qatar;-0,19;;
2010;070;qat;Qatar;-0,17;;
2011;060;qat;Qatar;-0,15;;
2012;102;qat;Qatar;-1,00;;
2013;083;qat;Qatar;-0,48;;
1993;029;rou;Romania;0,72;;
1994;030;rou;Romania;0,60;;
1995;030;rou;Romania;0,67;;
1996;029;rou;Romania;0,68;;
1997;028;rou;Romania;0,78;;
1998;032;rou;Romania;0,64;;
1999;030;rou;Romania;0,60;;
2000;035;rou;Romania;0,58;;
2001;032;rou;Romania;0,65;;
2002;036;rou;Romania;0,64;;
2003;037;rou;Romania;0,55;;
2004;035;rou;Romania;0,64;;
2005;035;rou;Romania;0,66;;
2006;033;rou;Romania;0,70;;
2007;027;rou;Romania;0,90;;
2008;027;rou;Romania;0,93;;
2009;036;rou;Romania;0,63;;
2010;030;rou;Romania;0,73;;
2011;033;rou;Romania;0,72;;
2012;034;rou;Romania;0,71;;
2013;032;rou;Romania;0,71;;
1993;023;rus;Russia;0,80;;
1994;036;rus;Russia;0,42;;
1995;039;rus;Russia;0,43;;
1996;031;rus;Russia;0,66;;
1997;031;rus;Russia;0,69;;
1998;029;rus;Russia;0,69;;
1999;031;rus;Russia;0,60;;
2000;027;rus;Russia;0,83;;
2001;038;rus;Russia;0,52;;
2002;033;rus;Russia;0,72;;
2003;033;rus;Russia;0,70;;
2004;037;rus;Russia;0,59;;
2005;037;rus;Russia;0,62;;
2006;036;rus;Russia;0,64;;
2007;044;rus;Russia;0,48;;
2008;045;rus;Russia;0,31;;
2009;050;rus;Russia;0,27;;
2010;046;rus;Russia;0,36;;
2011;045;rus;Russia;0,23;;
2012;042;rus;Russia;0,42;;
2013;038;rus;Russia;0,55;;
1993;035;sau;Saudi Arabia;0,46;;
1994;034;sau;Saudi Arabia;0,46;;
1995;056;sau;Saudi Arabia;0,15;;
1996;054;sau;Saudi Arabia;0,22;;
1997;069;sau;Saudi Arabia;-0,21;;
1998;054;sau;Saudi Arabia;0,21;;
1999;049;sau;Saudi Arabia;0,27;;
2000;048;sau;Saudi Arabia;0,24;;
2001;053;sau;Saudi Arabia;0,10;;
2002;048;sau;Saudi Arabia;0,17;;
2003;067;sau;Saudi Arabia;-0,16;;
2004;055;sau;Saudi Arabia;0,01;;
2005;053;sau;Saudi Arabia;0,07;;
2006;055;sau;Saudi Arabia;0,08;;
2007;079;sau;Saudi Arabia;-0,37;;
2008;068;sau;Saudi Arabia;-0,21;;
2009;059;sau;Saudi Arabia;0,14;;
2010;064;sau;Saudi Arabia;0,00;;
2011;055;sau;Saudi Arabia;0,02;;
2012;059;sau;Saudi Arabia;0,06;;
2013;042;sau;Saudi Arabia;0,38;;
1993;088;sdn;Sudan;-1,00;;
1994;093;sdn;Sudan;-0,81;;
1995;099;sdn;Sudan;-0,90;;
1996;115;sdn;Sudan;-1,24;;
1997;105;sdn;Sudan;-1,07;;
1998;107;sdn;Sudan;-1,10;;
1999;111;sdn;Sudan;-1,17;;
2000;118;sdn;Sudan;-1,39;;
2001;123;sdn;Sudan;-1,87;;
2002;118;sdn;Sudan;-1,43;;
2003;120;sdn;Sudan;-1,47;;
2004;126;sdn;Sudan;-1,81;;
2005;123;sdn;Sudan;-1,46;;
2006;127;sdn;Sudan;-1,92;;
2007;128;sdn;Sudan;-2,17;;
2008;127;sdn;Sudan;-1,81;;
2009;123;sdn;Sudan;-1,95;;
2010;120;sdn;Sudan;-1,67;;
2011;123;sdn;Sudan;-1,95;;
2012;111;sdn;Sudan;-1,22;;
2013;113;sdn;Sudan;-1,34;;
1993;094;sen;Senegal;-1,24;;
1994;104;sen;Senegal;-1,06;;
1995;104;sen;Senegal;-1,00;;
1996;105;sen;Senegal;-1,07;;
1997;101;sen;Senegal;-0,99;;
1998;101;sen;Senegal;-0,99;;
1999;101;sen;Senegal;-0,93;;
2000;106;sen;Senegal;-1,05;;
2001;073;sen;Senegal;-0,37;;
2002;073;sen;Senegal;-0,31;;
2003;076;sen;Senegal;-0,30;;
2004;079;sen;Senegal;-0,41;;
2005;074;sen;Senegal;-0,30;;
2006;084;sen;Senegal;-0,48;;
2007;080;sen;Senegal;-0,37;;
2008;074;sen;Senegal;-0,31;;
2009;x;sen;Senegal;-0,72;;
2010;103;sen;Senegal;-0,94;;
2011;097;sen;Senegal;-0,80;;
2012;080;sen;Senegal;-0,42;;
2013;103;sen;Senegal;-1,02;;
1993;020;sgp;Singapore;1,01;;
1994;019;sgp;Singapore;1,12;;
1995;020;sgp;Singapore;1,13;;
1996;021;sgp;Singapore;1,09;;
1997;023;sgp;Singapore;1,02;;
1998;019;sgp;Singapore;1,24;;
1999;015;sgp;Singapore;1,46;;
2000;016;sgp;Singapore;1,40;;
2001;014;sgp;Singapore;1,44;;
2002;012;sgp;Singapore;1,52;;
2003;010;sgp;Singapore;1,62;;
2004;007;sgp;Singapore;1,86;;
2005;010;sgp;Singapore;1,63;;
2006;010;sgp;Singapore;1,61;;
2007;015;sgp;Singapore;1,36;;
2008;007;sgp;Singapore;1,67;;
2009;008;sgp;Singapore;1,61;;
2010;009;sgp;Singapore;1,58;;
2011;014;sgp;Singapore;1,49;;
2012;009;sgp;Singapore;1,59;;
2013;010;sgp;Singapore;1,63;;
1993;084;slv;El Salvador;-0,87;;
1994;107;slv;El Salvador;-1,18;;
1995;109;slv;El Salvador;-1,07;;
1996;107;slv;El Salvador;-1,11;;
1997;093;slv;El Salvador;-0,82;;
1998;105;slv;El Salvador;-1,05;;
1999;103;slv;El Salvador;-1,05;;
2000;096;slv;El Salvador;-0,84;;
2001;054;slv;El Salvador;0,08;;
2002;056;slv;El Salvador;-0,02;;
2003;052;slv;El Salvador;-0,02;;
2004;056;slv;El Salvador;0,01;;
2005;063;slv;El Salvador;-0,10;;
2006;064;slv;El Salvador;-0,13;;
2007;063;slv;El Salvador;-0,10;;
2008;060;slv;El Salvador;0,00;;
2009;065;slv;El Salvador;-0,08;;
2010;063;slv;El Salvador;0,00;;
2011;064;slv;El Salvador;-0,21;;
2012;061;slv;El Salvador;0,05;;
2013;060;slv;El Salvador;-0,01;;
1993;015;svk;Slovakia;1,34;;
1994;016;svk;Slovakia;1,31;;
1995;018;svk;Slovakia;1,31;;
1996;017;svk;Slovakia;1,26;;
1997;017;svk;Slovakia;1,31;;
1998;017;svk;Slovakia;1,34;;
1999;018;svk;Slovakia;1,31;;
2000;015;svk;Slovakia;1,44;;
2001;017;svk;Slovakia;1,30;;
2002;016;svk;Slovakia;1,32;;
2003;017;svk;Slovakia;1,33;;
2004;019;svk;Slovakia;1,19;;
2005;017;svk;Slovakia;1,31;;
2006;017;svk;Slovakia;1,35;;
2007;016;svk;Slovakia;1,30;;
2008;015;svk;Slovakia;1,39;;
2009;016;svk;Slovakia;1,34;;
2010;015;svk;Slovakia;1,36;;
2011;013;svk;Slovakia;1,50;;
2012;016;svk;Slovakia;1,24;;
2013;014;svk;Slovakia;1,35;;
1993;x;svn;Slovenia;1,34;;
1994;015;svn;Slovenia;1,34;;
1995;016;svn;Slovenia;1,40;;
1996;016;svn;Slovenia;1,33;;
1997;014;svn;Slovenia;1,40;;
1998;015;svn;Slovenia;1,44;;
1999;016;svn;Slovenia;1,38;;
2000;017;svn;Slovenia;1,39;;
2001;013;svn;Slovenia;1,47;;
2002;013;svn;Slovenia;1,47;;
2003;011;svn;Slovenia;1,57;;
2004;009;svn;Slovenia;1,63;;
2005;011;svn;Slovenia;1,63;;
2006;011;svn;Slovenia;1,58;;
2007;009;svn;Slovenia;1,53;;
2008;010;svn;Slovenia;1,54;;
2009;013;svn;Slovenia;1,44;;
2010;013;svn;Slovenia;1,38;;
2011;012;svn;Slovenia;1,53;;
2012;012;svn;Slovenia;1,50;;
2013;012;svn;Slovenia;1,56;;
1993;004;swe;Sweden;2,23;;
1994;004;swe;Sweden;2,26;;
1995;004;swe;Sweden;2,20;;
1996;003;swe;Sweden;2,06;;
1997;004;swe;Sweden;2,07;;
1998;004;swe;Sweden;2,04;;
1999;004;swe;Sweden;2,03;;
2000;004;swe;Sweden;2,04;;
2001;004;swe;Sweden;1,94;;
2002;004;swe;Sweden;1,99;;
2003;004;swe;Sweden;2,09;;
2004;004;swe;Sweden;2,08;;
2005;004;swe;Sweden;2,03;;
2006;004;swe;Sweden;1,96;;
2007;005;swe;Sweden;1,94;;
2008;004;swe;Sweden;1,89;;
2009;004;swe;Sweden;1,75;;
2010;004;swe;Sweden;1,69;;
2011;004;swe;Sweden;1,86;;
2012;004;swe;Sweden;1,71;;
2013;004;swe;Sweden;1,83;;
1993;085;syr;Syria;-0,92;;
1994;094;syr;Syria;-0,81;;
1995;101;syr;Syria;-0,94;;
1996;097;syr;Syria;-0,97;;
1997;099;syr;Syria;-0,93;;
1998;102;syr;Syria;-1,01;;
1999;097;syr;Syria;-0,80;;
2000;105;syr;Syria;-1,04;;
2001;106;syr;Syria;-1,03;;
2002;109;syr;Syria;-1,04;;
2003;106;syr;Syria;-0,97;;
2004;094;syr;Syria;-0,78;;
2005;089;syr;Syria;-0,67;;
2006;087;syr;Syria;-0,50;;
2007;076;syr;Syria;-0,34;;
2008;075;syr;Syria;-0,32;;
2009;088;syr;Syria;-0,52;;
2010;074;syr;Syria;-0,25;;
2011;075;syr;Syria;-0,45;;
2012;x;syr;Syria;-0,75;;
2013;x;syr;Syria;-0,75;;
1993;047;tha;Thailand;0,05;;
1994;061;tha;Thailand;0,04;;
1995;051;tha;Thailand;0,19;;
1996;056;tha;Thailand;0,18;;
1997;057;tha;Thailand;0,14;;
1998;057;tha;Thailand;0,16;;
1999;048;tha;Thailand;0,29;;
2000;045;tha;Thailand;0,32;;
2001;035;tha;Thailand;0,56;;
2002;037;tha;Thailand;0,57;;
2003;036;tha;Thailand;0,57;;
2004;034;tha;Thailand;0,67;;
2005;036;tha;Thailand;0,63;;
2006;034;tha;Thailand;0,69;;
2007;034;tha;Thailand;0,71;;
2008;031;tha;Thailand;0,81;;
2009;034;tha;Thailand;0,69;;
2010;028;tha;Thailand;0,77;;
2011;029;tha;Thailand;0,85;;
2012;031;tha;Thailand;0,75;;
2013;029;tha;Thailand;0,76;;
1993;x;tjk;Tajikistan;-0,13;;
1994;063;tjk;Tajikistan;-0,13;;
1995;072;tjk;Tajikistan;-0,28;;
1996;062;tjk;Tajikistan;0,05;;
1997;064;tjk;Tajikistan;-0,01;;
1998;070;tjk;Tajikistan;-0,26;;
1999;074;tjk;Tajikistan;-0,32;;
2000;081;tjk;Tajikistan;-0,57;;
2001;090;tjk;Tajikistan;-0,69;;
2002;107;tjk;Tajikistan;-1,03;;
2003;103;tjk;Tajikistan;-0,92;;
2004;105;tjk;Tajikistan;-0,94;;
2005;094;tjk;Tajikistan;-0,72;;
2006;114;tjk;Tajikistan;-1,14;;
2007;109;tjk;Tajikistan;-1,03;;
2008;108;tjk;Tajikistan;-1,11;;
2009;x;tjk;Tajikistan;-0,67;;
2010;x;tjk;Tajikistan;-0,67;;
2011;x;tjk;Tajikistan;-1,04;;
2012;103;tjk;Tajikistan;-1,04;;
2013;110;tjk;Tajikistan;-1,29;;
1993;x;tkm;Turkmenistan;-1,00;;
1994;077;tkm;Turkmenistan;-0,45;;
1995;083;tkm;Turkmenistan;-0,59;;
1996;077;tkm;Turkmenistan;-0,42;;
1997;074;tkm;Turkmenistan;-0,37;;
1998;079;tkm;Turkmenistan;-0,56;;
1999;080;tkm;Turkmenistan;-0,54;;
2000;088;tkm;Turkmenistan;-0,68;;
2001;117;tkm;Turkmenistan;-1,25;;
2002;112;tkm;Turkmenistan;-1,26;;
2003;118;tkm;Turkmenistan;-1,39;;
2004;116;tkm;Turkmenistan;-1,23;;
2005;113;tkm;Turkmenistan;-1,19;;
2006;119;tkm;Turkmenistan;-1,31;;
2007;115;tkm;Turkmenistan;-1,24;;
2008;116;tkm;Turkmenistan;-1,26;;
2009;095;tkm;Turkmenistan;-0,75;;
2010;093;tkm;Turkmenistan;-0,62;;
2011;116;tkm;Turkmenistan;-1,43;;
2012;121;tkm;Turkmenistan;-1,72;;
2013;123;tkm;Turkmenistan;-1,75;;
1993;064;tto;Trinidad and Tobago;-0,46;;
1994;070;tto;Trinidad and Tobago;-0,32;;
1995;067;tto;Trinidad and Tobago;-0,18;;
1996;067;tto;Trinidad and Tobago;-0,16;;
1997;063;tto;Trinidad and Tobago;0,01;;
1998;065;tto;Trinidad and Tobago;-0,08;;
1999;060;tto;Trinidad and Tobago;0,01;;
2000;061;tto;Trinidad and Tobago;-0,02;;
2001;050;tto;Trinidad and Tobago;0,18;;
2002;063;tto;Trinidad and Tobago;-0,18;;
2003;069;tto;Trinidad and Tobago;-0,19;;
2004;065;tto;Trinidad and Tobago;-0,15;;
2005;064;tto;Trinidad and Tobago;-0,13;;
2006;068;tto;Trinidad and Tobago;-0,23;;
2007;061;tto;Trinidad and Tobago;-0,09;;
2008;076;tto;Trinidad and Tobago;-0,34;;
2009;080;tto;Trinidad and Tobago;-0,37;;
2010;081;tto;Trinidad and Tobago;-0,41;;
2011;077;tto;Trinidad and Tobago;-0,48;;
2012;078;tto;Trinidad and Tobago;-0,40;;
2013;070;tto;Trinidad and Tobago;-0,19;;
1993;046;tun;Tunisia;0,09;;
1994;060;tun;Tunisia;0,08;;
1995;063;tun;Tunisia;-0,09;;
1996;065;tun;Tunisia;-0,02;;
1997;065;tun;Tunisia;-0,07;;
1998;063;tun;Tunisia;-0,03;;
1999;063;tun;Tunisia;-0,07;;
2000;058;tun;Tunisia;0,02;;
2001;046;tun;Tunisia;0,25;;
2002;050;tun;Tunisia;0,14;;
2003;057;tun;Tunisia;-0,06;;
2004;053;tun;Tunisia;0,04;;
2005;058;tun;Tunisia;-0,01;;
2006;051;tun;Tunisia;0,12;;
2007;049;tun;Tunisia;0,28;;
2008;047;tun;Tunisia;0,27;;
2009;058;tun;Tunisia;0,16;;
2010;056;tun;Tunisia;0,20;;
2011;050;tun;Tunisia;0,10;;
2012;055;tun;Tunisia;0,18;;
2013;057;tun;Tunisia;0,07;;
1993;043;tur;Turkey;0,12;;
1994;057;tur;Turkey;0,12;;
1995;049;tur;Turkey;0,20;;
1996;055;tur;Turkey;0,20;;
1997;048;tur;Turkey;0,29;;
1998;049;tur;Turkey;0,27;;
1999;047;tur;Turkey;0,29;;
2000;050;tur;Turkey;0,21;;
2001;049;tur;Turkey;0,19;;
2002;051;tur;Turkey;0,10;;
2003;048;tur;Turkey;0,11;;
2004;044;tur;Turkey;0,22;;
2005;046;tur;Turkey;0,26;;
2006;046;tur;Turkey;0,21;;
2007;046;tur;Turkey;0,37;;
2008;043;tur;Turkey;0,42;;
2009;045;tur;Turkey;0,37;;
2010;042;tur;Turkey;0,48;;
2011;043;tur;Turkey;0,37;;
2012;040;tur;Turkey;0,46;;
2013;040;tur;Turkey;0,47;;
1993;100;tza;Tanzania;-1,42;;
1994;113;tza;Tanzania;-1,39;;
1995;113;tza;Tanzania;-1,19;;
1996;120;tza;Tanzania;-1,53;;
1997;118;tza;Tanzania;-1,43;;
1998;115;tza;Tanzania;-1,28;;
1999;114;tza;Tanzania;-1,28;;
2000;116;tza;Tanzania;-1,36;;
2001;119;tza;Tanzania;-1,37;;
2002;120;tza;Tanzania;-1,45;;
2003;117;tza;Tanzania;-1,38;;
2004;115;tza;Tanzania;-1,15;;
2005;116;tza;Tanzania;-1,25;;
2006;110;tza;Tanzania;-1,10;;
2007;105;tza;Tanzania;-0,89;;
2008;095;tza;Tanzania;-0,68;;
2009;104;tza;Tanzania;-1,03;;
2010;106;tza;Tanzania;-1,01;;
2011;104;tza;Tanzania;-1,03;;
2012;093;tza;Tanzania;-0,68;;
2013;097;tza;Tanzania;-0,89;;
1993;097;uga;Uganda;-1,37;;
1994;116;uga;Uganda;-1,57;;
1995;121;uga;Uganda;-1,55;;
1996;122;uga;Uganda;-1,88;;
1997;122;uga;Uganda;-1,63;;
1998;111;uga;Uganda;-1,17;;
1999;121;uga;Uganda;-1,55;;
2000;122;uga;Uganda;-1,49;;
2001;115;uga;Uganda;-1,24;;
2002;111;uga;Uganda;-1,25;;
2003;110;uga;Uganda;-0,99;;
2004;106;uga;Uganda;-0,94;;
2005;099;uga;Uganda;-0,81;;
2006;097;uga;Uganda;-0,88;;
2007;095;uga;Uganda;-0,68;;
2008;087;uga;Uganda;-0,53;;
2009;x;uga;Uganda;-0,65;;
2010;x;uga;Uganda;-0,65;;
2011;088;uga;Uganda;-0,65;;
2012;076;uga;Uganda;-0,30;;
2013;077;uga;Uganda;-0,39;;
1993;022;ukr;Ukraine;0,89;;
1994;035;ukr;Ukraine;0,42;;
1995;041;ukr;Ukraine;0,40;;
1996;025;ukr;Ukraine;0,98;;
1997;025;ukr;Ukraine;0,98;;
1998;026;ukr;Ukraine;0,88;;
1999;029;ukr;Ukraine;0,65;;
2000;028;ukr;Ukraine;0,73;;
2001;033;ukr;Ukraine;0,63;;
2002;035;ukr;Ukraine;0,65;;
2003;029;ukr;Ukraine;0,81;;
2004;038;ukr;Ukraine;0,58;;
2005;039;ukr;Ukraine;0,57;;
2006;039;ukr;Ukraine;0,56;;
2007;040;ukr;Ukraine;0,62;;
2008;042;ukr;Ukraine;0,55;;
2009;038;ukr;Ukraine;0,58;;
2010;033;ukr;Ukraine;0,68;;
2011;042;ukr;Ukraine;0,48;;
2012;039;ukr;Ukraine;0,57;;
2013;031;ukr;Ukraine;0,71;;
1993;030;ury;Uruguay;0,63;;
1994;026;ury;Uruguay;0,69;;
1995;034;ury;Uruguay;0,49;;
1996;041;ury;Uruguay;0,43;;
1997;042;ury;Uruguay;0,39;;
1998;040;ury;Uruguay;0,43;;
1999;034;ury;Uruguay;0,57;;
2000;041;ury;Uruguay;0,36;;
2001;055;ury;Uruguay;0,06;;
2002;064;ury;Uruguay;-0,22;;
2003;064;ury;Uruguay;-0,15;;
2004;068;ury;Uruguay;-0,18;;
2005;060;ury;Uruguay;-0,04;;
2006;062;ury;Uruguay;-0,08;;
2007;057;ury;Uruguay;0,02;;
2008;056;ury;Uruguay;0,08;;
2009;060;ury;Uruguay;0,13;;
2010;055;ury;Uruguay;0,24;;
2011;052;ury;Uruguay;0,07;;
2012;056;ury;Uruguay;0,15;;
2013;052;ury;Uruguay;0,20;;
1993;008;usa;United States;1,96;;
1994;008;usa;United States;1,91;;
1995;008;usa;United States;1,84;;
1996;008;usa;United States;1,71;;
1997;008;usa;United States;1,80;;
1998;007;usa;United States;1,83;;
1999;007;usa;United States;1,88;;
2000;006;usa;United States;1,94;;
2001;008;usa;United States;1,68;;
2002;008;usa;United States;1,65;;
2003;008;usa;United States;1,68;;
2004;011;usa;United States;1,61;;
2005;012;usa;United States;1,59;;
2006;012;usa;United States;1,52;;
2007;012;usa;United States;1,43;;
2008;013;usa;United States;1,47;;
2009;011;usa;United States;1,49;;
2010;011;usa;United States;1,52;;
2011;010;usa;United States;1,54;;
2012;011;usa;United States;1,56;;
2013;011;usa;United States;1,58;;
1993;x;uzb;Uzbekistan;-0,46;;
1994;073;uzb;Uzbekistan;-0,37;;
1995;068;uzb;Uzbekistan;-0,22;;
1996;061;uzb;Uzbekistan;0,07;;
1997;059;uzb;Uzbekistan;0,05;;
1998;067;uzb;Uzbekistan;-0,16;;
1999;069;uzb;Uzbekistan;-0,25;;
2000;076;uzb;Uzbekistan;-0,43;;
2001;084;uzb;Uzbekistan;-0,60;;
2002;091;uzb;Uzbekistan;-0,80;;
2003;093;uzb;Uzbekistan;-0,72;;
2004;089;uzb;Uzbekistan;-0,66;;
2005;092;uzb;Uzbekistan;-0,70;;
2006;092;uzb;Uzbekistan;-0,69;;
2007;084;uzb;Uzbekistan;-0,45;;
2008;096;uzb;Uzbekistan;-0,70;;
2009;081;uzb;Uzbekistan;-0,38;;
2010;076;uzb;Uzbekistan;-0,29;;
2011;090;uzb;Uzbekistan;-0,72;;
2012;086;uzb;Uzbekistan;-0,48;;
2013;090;uzb;Uzbekistan;-0,67;;
1993;049;ven;Venezuela;0,01;;
1994;054;ven;Venezuela;0,14;;
1995;055;ven;Venezuela;0,16;;
1996;066;ven;Venezuela;-0,04;;
1997;058;ven;Venezuela;0,12;;
1998;051;ven;Venezuela;0,24;;
1999;055;ven;Venezuela;0,13;;
2000;057;ven;Venezuela;0,08;;
2001;063;ven;Venezuela;-0,08;;
2002;058;ven;Venezuela;-0,04;;
2003;074;ven;Venezuela;-0,27;;
2004;067;ven;Venezuela;-0,17;;
2005;056;ven;Venezuela;-0,01;;
2006;082;ven;Venezuela;-0,44;;
2007;098;ven;Venezuela;-0,74;;
2008;110;ven;Venezuela;-1,14;;
2009;076;ven;Venezuela;-0,28;;
2010;085;ven;Venezuela;-0,48;;
2011;094;ven;Venezuela;-0,76;;
2012;117;ven;Venezuela;-1,41;;
2013;099;ven;Venezuela;-0,91;;
1993;053;vnm;Vietnam;-0,14;;
1994;081;vnm;Vietnam;-0,51;;
1995;077;vnm;Vietnam;-0,38;;
1996;087;vnm;Vietnam;-0,60;;
1997;083;vnm;Vietnam;-0,60;;
1998;083;vnm;Vietnam;-0,61;;
1999;086;vnm;Vietnam;-0,64;;
2000;090;vnm;Vietnam;-0,72;;
2001;076;vnm;Vietnam;-0,46;;
2002;081;vnm;Vietnam;-0,44;;
2003;081;vnm;Vietnam;-0,43;;
2004;077;vnm;Vietnam;-0,39;;
2005;083;vnm;Vietnam;-0,47;;
2006;069;vnm;Vietnam;-0,26;;
2007;074;vnm;Vietnam;-0,31;;
2008;067;vnm;Vietnam;-0,21;;
2009;082;vnm;Vietnam;-0,39;;
2010;077;vnm;Vietnam;-0,30;;
2011;068;vnm;Vietnam;-0,30;;
2012;069;vnm;Vietnam;-0,17;;
2013;073;vnm;Vietnam;-0,27;;
1993;065;yem;Yemen;-0,51;;
1994;086;yem;Yemen;-0,63;;
1995;114;yem;Yemen;-1,19;;
1996;106;yem;Yemen;-1,07;;
1997;110;yem;Yemen;-1,15;;
1998;118;yem;Yemen;-1,41;;
1999;117;yem;Yemen;-1,38;;
2000;115;yem;Yemen;-1,33;;
2001;118;yem;Yemen;-1,30;;
2002;115;yem;Yemen;-1,34;;
2003;127;yem;Yemen;-1,78;;
2004;124;yem;Yemen;-1,47;;
2005;111;yem;Yemen;-1,14;;
2006;106;yem;Yemen;-1,00;;
2007;114;yem;Yemen;-1,17;;
2008;107;yem;Yemen;-1,08;;
2009;116;yem;Yemen;-1,44;;
2010;117;yem;Yemen;-1,43;;
2011;107;yem;Yemen;-1,17;;
2012;114;yem;Yemen;-1,23;;
2013;107;yem;Yemen;-1,14;;
1993;032;zaf;South Africa;0,58;;
1994;039;zaf;South Africa;0,37;;
1995;044;zaf;South Africa;0,30;;
1996;047;zaf;South Africa;0,34;;
1997;043;zaf;South Africa;0,38;;
1998;043;zaf;South Africa;0,41;;
1999;044;zaf;South Africa;0,37;;
2000;040;zaf;South Africa;0,44;;
2001;058;zaf;South Africa;0,04;;
2002;053;zaf;South Africa;0,05;;
2003;047;zaf;South Africa;0,16;;
2004;048;zaf;South Africa;0,15;;
2005;051;zaf;South Africa;0,13;;
2006;053;zaf;South Africa;0,10;;
2007;054;zaf;South Africa;0,14;;
2008;055;zaf;South Africa;0,11;;
2009;048;zaf;South Africa;0,29;;
2010;053;zaf;South Africa;0,25;;
2011;062;zaf;South Africa;-0,18;;
2012;052;zaf;South Africa;0,19;;
2013;045;zaf;South Africa;0,32;;
1993;066;zmb;Zambia;-0,55;;
1994;084;zmb;Zambia;-0,58;;
1995;094;zmb;Zambia;-0,80;;
1996;104;zmb;Zambia;-1,06;;
1997;102;zmb;Zambia;-1,03;;
1998;100;zmb;Zambia;-0,98;;
1999;107;zmb;Zambia;-1,13;;
2000;093;zmb;Zambia;-0,79;;
2001;107;zmb;Zambia;-1,07;;
2002;095;zmb;Zambia;-0,84;;
2003;113;zmb;Zambia;-1,10;;
2004;091;zmb;Zambia;-0,72;;
2005;108;zmb;Zambia;-0,98;;
2006;107;zmb;Zambia;-1,06;;
2007;091;zmb;Zambia;-0,58;;
2008;105;zmb;Zambia;-0,98;;
2009;102;zmb;Zambia;-0,99;;
2010;098;zmb;Zambia;-0,69;;
2011;096;zmb;Zambia;-0,79;;
2012;083;zmb;Zambia;-0,47;;
2013;066;zmb;Zambia;-0,12;;
1993;059;zwe;Zimbabwe;-0,33;;
1994;067;zwe;Zimbabwe;-0,30;;
1995;074;zwe;Zimbabwe;-0,34;;
1996;074;zwe;Zimbabwe;-0,33;;
1997;077;zwe;Zimbabwe;-0,43;;
1998;081;zwe;Zimbabwe;-0,57;;
1999;079;zwe;Zimbabwe;-0,48;;
2000;080;zwe;Zimbabwe;-0,53;;
2001;110;zwe;Zimbabwe;-1,11;;
2002;074;zwe;Zimbabwe;-0,33;;
2003;080;zwe;Zimbabwe;-0,42;;
2004;088;zwe;Zimbabwe;-0,56;;
2005;093;zwe;Zimbabwe;-0,70;;
2006;071;zwe;Zimbabwe;-0,31;;
2007;083;zwe;Zimbabwe;-0,44;;
2008;080;zwe;Zimbabwe;-0,36;;
2009;x;zwe;Zimbabwe;-0,53;;
2010;088;zwe;Zimbabwe;-0,51;;
2011;103;zwe;Zimbabwe;-0,99;;
2012;097;zwe;Zimbabwe;-0,79;;
2013;091;zwe;Zimbabwe;-0,74;;
